cell_id,batch,source_file,charging_policy,cycle_life_raw,n_summary,n_cycles,last_cycle,last_QD,barcode,channel_id
b1c0,1,2017-05-12_batchdata_updated_struct_errorcorrect.mat,3.6C(80%)-3.6C,1190.0,1189,1189,1189.0,1.0262098,"[3707764736, 2, 1, 1, 1, 1]","[3707764736, 2, 1, 1, 47, 1]"
b1c1,1,2017-05-12_batchdata_updated_struct_errorcorrect.mat,3.6C(80%)-3.6C,1179.0,1178,1178,1178.0,1.0382246,"[3707764736, 2, 1, 1, 2, 1]","[3707764736, 2, 1, 1, 48, 1]"
b1c2,1,2017-05-12_batchdata_updated_struct_errorcorrect.mat,3.6C(80%)-3.6C,1177.0,1176,1176,1176.0,1.0432786,"[3707764736, 2, 1, 1, 3, 1]","[3707764736, 2, 1, 1, 49, 1]"
b1c3,1,2017-05-12_batchdata_updated_struct_errorcorrect.mat,4C(80%)-4C,1226.0,1225,1225,1225.0,0.97092122,"[3707764736, 2, 1, 1, 4, 1]","[3707764736, 2, 1, 1, 50, 1]"
b1c4,1,2017-05-12_batchdata_updated_struct_errorcorrect.mat,4C(80%)-4C,1227.0,1226,1226,1226.0,1.0219597,"[3707764736, 2, 1, 1, 5, 1]","[3707764736, 2, 1, 1, 51, 1]"
b1c5,1,2017-05-12_batchdata_updated_struct_errorcorrect.mat,4.4C(80%)-4.4C,1074.0,1073,1073,1073.0,0.88053626,"[3707764736, 2, 1, 1, 6, 1]","[3707764736, 2, 1, 1, 52, 1]"
b1c6,1,2017-05-12_batchdata_updated_struct_errorcorrect.mat,4.8C(80%)-4.8C,636.0,635,635,635.0,0.8800565,"[3707764736, 2, 1, 1, 7, 1]","[3707764736, 2, 1, 1, 53, 1]"
b1c7,1,2017-05-12_batchdata_updated_struct_errorcorrect.mat,4.8C(80%)-4.8C,870.0,869,869,869.0,0.88110596,"[3707764736, 2, 1, 1, 8, 1]","[3707764736, 2, 1, 1, 54, 1]"
b1c8,1,2017-05-12_batchdata_updated_struct_errorcorrect.mat,5.4C(40%)-3.6C,879.0,878,878,878.0,0.96902454,"[3707764736, 2, 1, 1, 9, 1]","[3707764736, 2, 1, 1, 55, 1]"
b1c9,1,2017-05-12_batchdata_updated_struct_errorcorrect.mat,5.4C(40%)-3.6C,1054.0,1053,1053,1053.0,0.8809284,"[3707764736, 2, 1, 1, 10, 1]","[3707764736, 2, 1, 1, 56, 1]"
b1c10,1,2017-05-12_batchdata_updated_struct_errorcorrect.mat,5.4C(50%)-3C,906.0,905,905,905.0,0.96101874,"[3707764736, 2, 1, 1, 11, 1]","[3707764736, 2, 1, 1, 57, 1]"
b1c11,1,2017-05-12_batchdata_updated_struct_errorcorrect.mat,5.4C(50%)-3C,788.0,787,787,787.0,0.88054359,"[3707764736, 2, 1, 1, 12, 1]","[3707764736, 2, 1, 1, 58, 1]"
b1c12,1,2017-05-12_batchdata_updated_struct_errorcorrect.mat,5.4C(50%)-3.6C,902.0,901,901,901.0,0.91311944,"[3707764736, 2, 1, 1, 13, 1]","[3707764736, 2, 1, 1, 59, 1]"
b1c13,1,2017-05-12_batchdata_updated_struct_errorcorrect.mat,5.4C(50%)-3.6C,897.0,896,896,896.0,0.92313582,"[3707764736, 2, 1, 1, 14, 1]","[3707764736, 2, 1, 1, 60, 1]"
b1c14,1,2017-05-12_batchdata_updated_struct_errorcorrect.mat,5.4C(60%)-3C,880.0,879,879,879.0,0.8800649,"[3707764736, 2, 1, 1, 15, 1]","[3707764736, 2, 1, 1, 61, 1]"
b1c15,1,2017-05-12_batchdata_updated_struct_errorcorrect.mat,5.4C(60%)-3C,719.0,718,718,718.0,0.88298881,"[3707764736, 2, 1, 1, 16, 1]","[3707764736, 2, 1, 1, 62, 1]"
b1c16,1,2017-05-12_batchdata_updated_struct_errorcorrect.mat,5.4C(60%)-3.6C,862.0,861,861,861.0,0.88096577,"[3707764736, 2, 1, 1, 17, 1]","[3707764736, 2, 1, 1, 63, 1]"
b1c17,1,2017-05-12_batchdata_updated_struct_errorcorrect.mat,5.4C(60%)-3.6C,857.0,856,856,856.0,0.8832469,"[3707764736, 2, 1, 1, 18, 1]","[3707764736, 2, 1, 1, 64, 1]"
b1c18,1,2017-05-12_batchdata_updated_struct_errorcorrect.mat,5.4C(70%)-3C,691.0,690,690,690.0,0.88114411,"[3707764736, 2, 1, 1, 19, 1]","[3707764736, 2, 1, 1, 65, 1]"
b1c19,1,2017-05-12_batchdata_updated_struct_errorcorrect.mat,5.4C(70%)-3C,788.0,787,787,787.0,0.88093972,"[3707764736, 2, 1, 1, 20, 1]","[3707764736, 2, 1, 1, 66, 1]"
b1c20,1,2017-05-12_batchdata_updated_struct_errorcorrect.mat,5.4C(80%)-5.4C,534.0,533,533,533.0,0.88078493,"[3707764736, 2, 1, 1, 21, 1]","[3707764736, 2, 1, 1, 67, 1]"
b1c21,1,2017-05-12_batchdata_updated_struct_errorcorrect.mat,5.4C(80%)-5.4C,559.0,558,558,558.0,0.88016534,"[3707764736, 2, 1, 1, 22, 1]","[3707764736, 2, 1, 1, 68, 1]"
b1c22,1,2017-05-12_batchdata_updated_struct_errorcorrect.mat,6C(30%)-3.6C,891.0,890,890,890.0,0.96327895,"[3707764736, 2, 1, 1, 23, 1]","[3707764736, 2, 1, 1, 69, 1]"
b1c23,1,2017-05-12_batchdata_updated_struct_errorcorrect.mat,6C(30%)-3.6C,1014.0,1013,1013,1013.0,0.88066453,"[3707764736, 2, 1, 1, 24, 1]","[3707764736, 2, 1, 1, 70, 1]"
b1c24,1,2017-05-12_batchdata_updated_struct_errorcorrect.mat,6C(40%)-3C,1017.0,1016,1016,1016.0,0.88046598,"[3707764736, 2, 1, 1, 25, 1]","[3707764736, 2, 1, 1, 71, 1]"
b1c25,1,2017-05-12_batchdata_updated_struct_errorcorrect.mat,6C(40%)-3C,854.0,853,853,853.0,0.88019997,"[3707764736, 2, 1, 1, 26, 1]","[3707764736, 2, 1, 1, 72, 1]"
b1c26,1,2017-05-12_batchdata_updated_struct_errorcorrect.mat,6C(40%)-3.6C,870.0,869,869,869.0,0.88105017,"[3707764736, 2, 1, 1, 27, 1]","[3707764736, 2, 1, 1, 73, 1]"
b1c27,1,2017-05-12_batchdata_updated_struct_errorcorrect.mat,6C(40%)-3.6C,842.0,841,841,841.0,0.88130057,"[3707764736, 2, 1, 1, 28, 1]","[3707764736, 2, 1, 1, 74, 1]"
b1c28,1,2017-05-12_batchdata_updated_struct_errorcorrect.mat,6C(50%)-3C,860.0,859,859,859.0,0.88058227,"[3707764736, 2, 1, 1, 29, 1]","[3707764736, 2, 1, 1, 75, 1]"
b1c29,1,2017-05-12_batchdata_updated_struct_errorcorrect.mat,6C(50%)-3C,917.0,916,916,916.0,0.88035375,"[3707764736, 2, 1, 1, 30, 1]","[3707764736, 2, 1, 1, 76, 1]"
b1c30,1,2017-05-12_batchdata_updated_struct_errorcorrect.mat,6C(50%)-3.6C,709.0,708,708,708.0,0.88054287,"[3707764736, 2, 1, 1, 31, 1]","[3707764736, 2, 1, 1, 77, 1]"
b1c31,1,2017-05-12_batchdata_updated_struct_errorcorrect.mat,6C(50%)-3.6C,876.0,875,875,875.0,0.88099223,"[3707764736, 2, 1, 1, 32, 1]","[3707764736, 2, 1, 1, 78, 1]"
b1c32,1,2017-05-12_batchdata_updated_struct_errorcorrect.mat,6C(60%)-3C,731.0,730,730,730.0,0.88080907,"[3707764736, 2, 1, 1, 33, 1]","[3707764736, 2, 1, 1, 79, 1]"
b1c33,1,2017-05-12_batchdata_updated_struct_errorcorrect.mat,6C(60%)-3C,757.0,756,756,756.0,0.88011229,"[3707764736, 2, 1, 1, 34, 1]","[3707764736, 2, 1, 1, 80, 1]"
b1c34,1,2017-05-12_batchdata_updated_struct_errorcorrect.mat,7C(30%)-3.6C,742.0,741,741,741.0,0.88205445,"[3707764736, 2, 1, 1, 35, 1]","[3707764736, 2, 1, 1, 81, 1]"
b1c35,1,2017-05-12_batchdata_updated_struct_errorcorrect.mat,7C(30%)-3.6C,703.0,702,702,702.0,0.8802399,"[3707764736, 2, 1, 1, 36, 1]","[3707764736, 2, 1, 1, 82, 1]"
b1c36,1,2017-05-12_batchdata_updated_struct_errorcorrect.mat,7C(40%)-3C,704.0,703,703,703.0,0.88231802,"[3707764736, 2, 1, 1, 37, 1]","[3707764736, 2, 1, 1, 83, 1]"
b1c37,1,2017-05-12_batchdata_updated_struct_errorcorrect.mat,7C(40%)-3C,648.0,647,647,647.0,0.88336319,"[3707764736, 2, 1, 1, 38, 1]","[3707764736, 2, 1, 1, 84, 1]"
b1c38,1,2017-05-12_batchdata_updated_struct_errorcorrect.mat,7C(40%)-3.6C,617.0,616,616,616.0,0.88110942,"[3707764736, 2, 1, 1, 39, 1]","[3707764736, 2, 1, 1, 85, 1]"
b1c39,1,2017-05-12_batchdata_updated_struct_errorcorrect.mat,7C(40%)-3.6C,625.0,624,624,624.0,0.88011074,"[3707764736, 2, 1, 1, 40, 1]","[3707764736, 2, 1, 1, 86, 1]"
b1c40,1,2017-05-12_batchdata_updated_struct_errorcorrect.mat,8C(15%)-3.6C,966.0,965,965,965.0,0.88060951,"[3707764736, 2, 1, 1, 41, 1]","[3707764736, 2, 1, 1, 87, 1]"
b1c41,1,2017-05-12_batchdata_updated_struct_errorcorrect.mat,8C(15%)-3.6C,1051.0,1050,1050,1050.0,0.88106161,"[3707764736, 2, 1, 1, 42, 1]","[3707764736, 2, 1, 1, 88, 1]"
b1c42,1,2017-05-12_batchdata_updated_struct_errorcorrect.mat,8C(25%)-3.6C,702.0,701,701,701.0,0.88035142,"[3707764736, 2, 1, 1, 43, 1]","[3707764736, 2, 1, 1, 89, 1]"
b1c43,1,2017-05-12_batchdata_updated_struct_errorcorrect.mat,8C(25%)-3.6C,651.0,650,650,650.0,0.88044435,"[3707764736, 2, 1, 1, 44, 1]","[3707764736, 2, 1, 1, 90, 1]"
b1c44,1,2017-05-12_batchdata_updated_struct_errorcorrect.mat,8C(35%)-3.6C,616.0,615,615,615.0,0.88048309,"[3707764736, 2, 1, 1, 45, 1]","[3707764736, 2, 1, 1, 91, 1]"
b1c45,1,2017-05-12_batchdata_updated_struct_errorcorrect.mat,8C(35%)-3.6C,599.0,598,598,598.0,0.88104212,"[3707764736, 2, 1, 1, 46, 1]","[3707764736, 2, 1, 1, 92, 1]"
b2c0,2,2018-02-20_batchdata_updated_struct_errorcorrect.mat,5.2C(58%)-4C,477.0,496,496,496.0,0.82661337,"[3707764736, 2, 1, 1, 1, 1]","[3707764736, 2, 1, 1, 48, 1]"
b2c1,2,2018-02-20_batchdata_updated_struct_errorcorrect.mat,5.6C(26%)-4.5C,491.0,513,513,513.0,0.82848173,"[3707764736, 2, 1, 1, 2, 1]","[3707764736, 2, 1, 1, 49, 1]"
b2c2,2,2018-02-20_batchdata_updated_struct_errorcorrect.mat,5.2C(50%)-4.25C,424.0,439,439,439.0,0.82700932,"[3707764736, 2, 1, 1, 3, 1]","[3707764736, 2, 1, 1, 50, 1]"
b2c3,2,2018-02-20_batchdata_updated_struct_errorcorrect.mat,4.65C(44%)-5C,499.0,517,517,517.0,0.82550967,"[3707764736, 2, 1, 1, 4, 1]","[3707764736, 2, 1, 1, 51, 1]"
b2c4,2,2018-02-20_batchdata_updated_struct_errorcorrect.mat,4.65C(69%)-6C,444.0,464,464,464.0,0.82712674,"[3707764736, 2, 1, 1, 5, 1]","[3707764736, 2, 1, 1, 52, 1]"
b2c5,2,2018-02-20_batchdata_updated_struct_errorcorrect.mat,3.6C(30%)-6C,416.0,445,445,445.0,0.8261537,"[3707764736, 2, 1, 1, 6, 1]","[3707764736, 2, 1, 1, 53, 1]"
b2c6,2,2018-02-20_batchdata_updated_struct_errorcorrect.mat,3.6C(9%)-5C,393.0,409,409,409.0,0.82940364,"[3707764736, 2, 1, 1, 7, 1]","[3707764736, 2, 1, 1, 54, 1]"
b2c7,2,2018-02-20_batchdata_updated_struct_errorcorrect.mat,4.8C(80%)-4.8C-newstructure,777.0,806,806,806.0,0.8264814,"[3707764736, 2, 1, 1, 8, 1]","[3707764736, 2, 1, 1, 55, 1]"
b2c8,2,2018-02-20_batchdata_updated_struct_errorcorrect.mat,5.2C(58%)-4C-newstructure,904.0,947,947,947.0,0.8255862,"[3707764736, 2, 1, 1, 9, 1]","[3707764736, 2, 1, 1, 56, 1]"
b2c9,2,2018-02-20_batchdata_updated_struct_errorcorrect.mat,5.6C(26%)-4.5C-newstructure,791.0,819,819,819.0,0.82610458,"[3707764736, 2, 1, 1, 10, 1]","[3707764736, 2, 1, 1, 57, 1]"
b2c10,2,2018-02-20_batchdata_updated_struct_errorcorrect.mat,4.8C(80%)-4.8C,492.0,519,519,519.0,0.82791102,"[3707764736, 2, 1, 1, 11, 1]","[3707764736, 2, 1, 1, 58, 1]"
b2c11,2,2018-02-20_batchdata_updated_struct_errorcorrect.mat,5.2C(50%)-4.25C,449.0,468,468,468.0,0.82524824,"[3707764736, 2, 1, 1, 12, 1]","[3707764736, 2, 1, 1, 59, 1]"
b2c12,2,2018-02-20_batchdata_updated_struct_errorcorrect.mat,4.65C(44%)-5C,466.0,493,493,493.0,0.82528538,"[3707764736, 2, 1, 1, 13, 1]","[3707764736, 2, 1, 1, 60, 1]"
b2c13,2,2018-02-20_batchdata_updated_struct_errorcorrect.mat,4.65C(69%)-6C,460.0,483,483,483.0,0.82574999,"[3707764736, 2, 1, 1, 14, 1]","[3707764736, 2, 1, 1, 61, 1]"
b2c14,2,2018-02-20_batchdata_updated_struct_errorcorrect.mat,3.6C(30%)-6C,426.0,461,461,461.0,0.82618046,"[3707764736, 2, 1, 1, 15, 1]","[3707764736, 2, 1, 1, 62, 1]"
b2c15,2,2018-02-20_batchdata_updated_struct_errorcorrect.mat,3.6C(9%)-5C,396.0,414,414,414.0,0.82608759,"[3707764736, 2, 1, 1, 16, 1]","[3707764736, 2, 1, 1, 63, 1]"
b2c16,2,2018-02-20_batchdata_updated_struct_errorcorrect.mat,4.8C(80%)-4.8C,472.0,499,499,499.0,0.82648873,"[3707764736, 2, 1, 1, 17, 1]","[3707764736, 2, 1, 1, 64, 1]"
b2c17,2,2018-02-20_batchdata_updated_struct_errorcorrect.mat,5.6C(26%)-4.5C,471.0,494,494,494.0,0.8272146,"[3707764736, 2, 1, 1, 18, 1]","[3707764736, 2, 1, 1, 65, 1]"
b2c18,2,2018-02-20_batchdata_updated_struct_errorcorrect.mat,5.2C(50%)-4.25C,449.0,467,467,467.0,0.82719898,"[3707764736, 2, 1, 1, 19, 1]","[3707764736, 2, 1, 1, 66, 1]"
b2c19,2,2018-02-20_batchdata_updated_struct_errorcorrect.mat,6C(60%)-3C,392.0,411,411,411.0,0.82597393,"[3707764736, 2, 1, 1, 20, 1]","[3707764736, 2, 1, 1, 67, 1]"
b2c20,2,2018-02-20_batchdata_updated_struct_errorcorrect.mat,5.2C(58%)-4C,489.0,506,506,506.0,0.82856864,"[3707764736, 2, 1, 1, 21, 1]","[3707764736, 2, 1, 1, 68, 1]"
b2c21,2,2018-02-20_batchdata_updated_struct_errorcorrect.mat,6C(60%)-3C,408.0,426,426,426.0,0.82783753,"[3707764736, 2, 1, 1, 22, 1]","[3707764736, 2, 1, 1, 69, 1]"
b2c22,2,2018-02-20_batchdata_updated_struct_errorcorrect.mat,VarCharge-2C-100cycles,,920,920,920.0,1.0556005,"[3707764736, 2, 1, 1, 23, 1]","[3707764736, 2, 1, 1, 70, 1]"
b2c23,2,2018-02-20_batchdata_updated_struct_errorcorrect.mat,VarCharge-4C-100cycles,,1152,1152,1152.0,0.97824305,"[3707764736, 2, 1, 1, 24, 1]","[3707764736, 2, 1, 1, 71, 1]"
b2c24,2,2018-02-20_batchdata_updated_struct_errorcorrect.mat,4.8C(80%)-4.8C,514.0,536,536,536.0,0.82615805,"[3707764736, 2, 1, 1, 25, 1]","[3707764736, 2, 1, 1, 72, 1]"
b2c25,2,2018-02-20_batchdata_updated_struct_errorcorrect.mat,5.2C(58%)-4C,493.0,511,511,511.0,0.82751423,"[3707764736, 2, 1, 1, 26, 1]","[3707764736, 2, 1, 1, 73, 1]"
b2c26,2,2018-02-20_batchdata_updated_struct_errorcorrect.mat,5.6C(26%)-4.5C,450.0,476,476,476.0,0.82529837,"[3707764736, 2, 1, 1, 27, 1]","[3707764736, 2, 1, 1, 74, 1]"
b2c27,2,2018-02-20_batchdata_updated_struct_errorcorrect.mat,5.2C(50%)-4.25C,474.0,493,493,493.0,0.8266983,"[3707764736, 2, 1, 1, 28, 1]","[3707764736, 2, 1, 1, 75, 1]"
b2c28,2,2018-02-20_batchdata_updated_struct_errorcorrect.mat,4.8C(80%)-4.8C,437.0,456,456,456.0,0.82741743,"[3707764736, 2, 1, 1, 29, 1]","[3707764736, 2, 1, 1, 76, 1]"
b2c29,2,2018-02-20_batchdata_updated_struct_errorcorrect.mat,5.2C(58%)-4C,452.0,470,470,470.0,0.82541627,"[3707764736, 2, 1, 1, 30, 1]","[3707764736, 2, 1, 1, 77, 1]"
b2c30,2,2018-02-20_batchdata_updated_struct_errorcorrect.mat,5.6C(26%)-4.5C,412.0,429,429,429.0,0.82665932,"[3707764736, 2, 1, 1, 31, 1]","[3707764736, 2, 1, 1, 78, 1]"
b2c31,2,2018-02-20_batchdata_updated_struct_errorcorrect.mat,5.6C(26%)-4.5C,425.0,446,446,446.0,0.82528561,"[3707764736, 2, 1, 1, 32, 1]","[3707764736, 2, 1, 1, 79, 1]"
b2c32,2,2018-02-20_batchdata_updated_struct_errorcorrect.mat,4.8C(80%)-4.8C-newstructure,809.0,834,834,834.0,0.82744044,"[3707764736, 2, 1, 1, 33, 1]","[3707764736, 2, 1, 1, 80, 1]"
b2c33,2,2018-02-20_batchdata_updated_struct_errorcorrect.mat,5.2C(58%)-4C-newstructure,1140.0,1190,1190,1190.0,0.82506907,"[3707764736, 2, 1, 1, 34, 1]","[3707764736, 2, 1, 1, 81, 1]"
b2c34,2,2018-02-20_batchdata_updated_struct_errorcorrect.mat,5.6C(26%)-4.5C-newstructure,1186.0,1252,1252,1252.0,0.82562441,"[3707764736, 2, 1, 1, 35, 1]","[3707764736, 2, 1, 1, 82, 1]"
b2c35,2,2018-02-20_batchdata_updated_struct_errorcorrect.mat,VarCharge-6C-100cycles,,423,423,423.0,0.88112044,"[3707764736, 2, 1, 1, 36, 1]","[3707764736, 2, 1, 1, 83, 1]"
b2c36,2,2018-02-20_batchdata_updated_struct_errorcorrect.mat,VarCharge-8C-100cycles,,280,280,280.0,0.88107425,"[3707764736, 2, 1, 1, 37, 1]","[3707764736, 2, 1, 1, 84, 1]"
b2c37,2,2018-02-20_batchdata_updated_struct_errorcorrect.mat,3.6C(80%)-3.6C(SLOWCYCLE,,101,101,101.0,2.1693008,"[3707764736, 2, 1, 1, 38, 1]","[3707764736, 2, 1, 1, 85, 1]"
b2c38,2,2018-02-20_batchdata_updated_struct_errorcorrect.mat,4.8C(80%)-4.8C(SLOWCYCLE,,101,101,101.0,2.1653843,"[3707764736, 2, 1, 1, 39, 1]","[3707764736, 2, 1, 1, 86, 1]"
b2c39,2,2018-02-20_batchdata_updated_struct_errorcorrect.mat,3.6C(9%)-5C(SLOWCYCLE,,434,434,434.0,0.88120419,"[3707764736, 2, 1, 1, 40, 1]","[3707764736, 2, 1, 1, 87, 1]"
b2c40,2,2018-02-20_batchdata_updated_struct_errorcorrect.mat,5.2C(58%)-4C(SLOWCYCLE,,459,459,459.0,0.88021344,"[3707764736, 2, 1, 1, 41, 1]","[3707764736, 2, 1, 1, 88, 1]"
b2c41,2,2018-02-20_batchdata_updated_struct_errorcorrect.mat,5.6C(26%)-4.5C,442.0,463,463,463.0,0.82606894,"[3707764736, 2, 1, 1, 42, 1]","[3707764736, 2, 1, 1, 89, 1]"
b2c42,2,2018-02-20_batchdata_updated_struct_errorcorrect.mat,5.2C(50%)-4.25C,474.0,497,497,497.0,0.82577723,"[3707764736, 2, 1, 1, 43, 1]","[3707764736, 2, 1, 1, 90, 1]"
b2c43,2,2018-02-20_batchdata_updated_struct_errorcorrect.mat,4.8C(80%)-4.8C-newstructure,1029.0,1061,1061,1061.0,0.82532436,"[3707764736, 2, 1, 1, 44, 1]","[3707764736, 2, 1, 1, 91, 1]"
b2c44,2,2018-02-20_batchdata_updated_struct_errorcorrect.mat,5.2C(58%)-4C-newstructure,841.0,874,874,874.0,0.82503617,"[3707764736, 2, 1, 1, 45, 1]","[3707764736, 2, 1, 1, 92, 1]"
b2c45,2,2018-02-20_batchdata_updated_struct_errorcorrect.mat,5.6C(26%)-4.5C-newstructure,997.0,1027,1027,1027.0,0.82734823,"[3707764736, 2, 1, 1, 46, 1]","[3707764736, 2, 1, 1, 93, 1]"
b2c46,2,2018-02-20_batchdata_updated_struct_errorcorrect.mat,4.8C(80%)-4.8C,503.0,523,523,523.0,0.82638663,"[3707764736, 2, 1, 1, 47, 1]","[3707764736, 2, 1, 1, 94, 1]"
b3c0,3,2018-04-12_batchdata_updated_struct_errorcorrect.mat,5C(67%)-4C-newstructure,1009.0,1008,1008,1008.0,0.8804329,"[3707764736, 2, 1, 1, 1, 1]","[3707764736, 2, 1, 1, 47, 1]"
b3c1,3,2018-04-12_batchdata_updated_struct_errorcorrect.mat,5.3C(54%)-4C-newstructure,1063.0,1062,1062,1062.0,0.8802734,"[3707764736, 2, 1, 1, 2, 1]","[3707764736, 2, 1, 1, 48, 1]"
b3c2,3,2018-04-12_batchdata_updated_struct_errorcorrect.mat,5.6C(19%)-4.6C-newstructure,1267.0,1266,1266,1266.0,0.88013124,"[3707764736, 2, 1, 1, 3, 1]","[3707764736, 2, 1, 1, 49, 1]"
b3c3,3,2018-04-12_batchdata_updated_struct_errorcorrect.mat,5.6C(36%)-4.3C-newstructure,1115.0,1114,1114,1114.0,0.88058406,"[3707764736, 2, 1, 1, 4, 1]","[3707764736, 2, 1, 1, 50, 1]"
b3c4,3,2018-04-12_batchdata_updated_struct_errorcorrect.mat,5.6C(19%)-4.6C-newstructure,1048.0,1047,1047,1047.0,0.88001466,"[3707764736, 2, 1, 1, 5, 1]","[3707764736, 2, 1, 1, 51, 1]"
b3c5,3,2018-04-12_batchdata_updated_struct_errorcorrect.mat,5.6C(36%)-4.3C-newstructure,828.0,827,827,827.0,0.88066918,"[3707764736, 2, 1, 1, 6, 1]","[3707764736, 2, 1, 1, 52, 1]"
b3c6,3,2018-04-12_batchdata_updated_struct_errorcorrect.mat,3.7C(31%)-5.9C-newstructure,667.0,666,666,666.0,0.88052577,"[3707764736, 2, 1, 1, 7, 1]","[3707764736, 2, 1, 1, 53, 1]"
b3c7,3,2018-04-12_batchdata_updated_struct_errorcorrect.mat,4.8C(80%)-4.8C-newstructure,1836.0,1835,1835,1835.0,0.88036358,"[3707764736, 2, 1, 1, 8, 1]","[3707764736, 2, 1, 1, 54, 1]"
b3c8,3,2018-04-12_batchdata_updated_struct_errorcorrect.mat,5C(67%)-4C-newstructure,828.0,827,827,827.0,0.88094097,"[3707764736, 2, 1, 1, 9, 1]","[3707764736, 2, 1, 1, 55, 1]"
b3c9,3,2018-04-12_batchdata_updated_struct_errorcorrect.mat,5.3C(54%)-4C-newstructure,1039.0,1038,1038,1038.0,0.8801114,"[3707764736, 2, 1, 1, 10, 1]","[3707764736, 2, 1, 1, 56, 1]"
b3c10,3,2018-04-12_batchdata_updated_struct_errorcorrect.mat,4.8C(80%)-4.8C-newstructure,1078.0,1077,1077,1077.0,0.88064086,"[3707764736, 2, 1, 1, 11, 1]","[3707764736, 2, 1, 1, 57, 1]"
b3c11,3,2018-04-12_batchdata_updated_struct_errorcorrect.mat,5.6C(19%)-4.6C-newstructure,817.0,816,816,816.0,0.88113368,"[3707764736, 2, 1, 1, 12, 1]","[3707764736, 2, 1, 1, 58, 1]"
b3c12,3,2018-04-12_batchdata_updated_struct_errorcorrect.mat,5.6C(36%)-4.3C-newstructure,932.0,931,931,931.0,0.88080788,"[3707764736, 2, 1, 1, 13, 1]","[3707764736, 2, 1, 1, 59, 1]"
b3c13,3,2018-04-12_batchdata_updated_struct_errorcorrect.mat,5.6C(19%)-4.6C-newstructure,816.0,815,815,815.0,0.88024569,"[3707764736, 2, 1, 1, 14, 1]","[3707764736, 2, 1, 1, 60, 1]"
b3c14,3,2018-04-12_batchdata_updated_struct_errorcorrect.mat,5.6C(36%)-4.3C-newstructure,858.0,857,857,857.0,0.88065648,"[3707764736, 2, 1, 1, 15, 1]","[3707764736, 2, 1, 1, 61, 1]"
b3c15,3,2018-04-12_batchdata_updated_struct_errorcorrect.mat,5.9C(15%)-4.6C-newstructure,876.0,875,875,875.0,0.88058048,"[3707764736, 2, 1, 1, 16, 1]","[3707764736, 2, 1, 1, 62, 1]"
b3c16,3,2018-04-12_batchdata_updated_struct_errorcorrect.mat,4.8C(80%)-4.8C-newstructure,1638.0,1637,1637,1637.0,0.88014877,"[3707764736, 2, 1, 1, 17, 1]","[3707764736, 2, 1, 1, 63, 1]"
b3c17,3,2018-04-12_batchdata_updated_struct_errorcorrect.mat,5.3C(54%)-4C-newstructure,1315.0,1314,1314,1314.0,0.88043362,"[3707764736, 2, 1, 1, 18, 1]","[3707764736, 2, 1, 1, 64, 1]"
b3c18,3,2018-04-12_batchdata_updated_struct_errorcorrect.mat,5.6C(19%)-4.6C-newstructure,1146.0,1145,1145,1145.0,0.88003904,"[3707764736, 2, 1, 1, 19, 1]","[3707764736, 2, 1, 1, 65, 1]"
b3c19,3,2018-04-12_batchdata_updated_struct_errorcorrect.mat,5.6C(36%)-4.3C-newstructure,1155.0,1154,1154,1154.0,0.88007373,"[3707764736, 2, 1, 1, 20, 1]","[3707764736, 2, 1, 1, 66, 1]"
b3c20,3,2018-04-12_batchdata_updated_struct_errorcorrect.mat,5C(67%)-4C-newstructure,813.0,812,812,812.0,0.88059181,"[3707764736, 2, 1, 1, 21, 1]","[3707764736, 2, 1, 1, 67, 1]"
b3c21,3,2018-04-12_batchdata_updated_struct_errorcorrect.mat,3.7C(31%)-5.9C-newstructure,772.0,771,771,771.0,0.8801983,"[3707764736, 2, 1, 1, 22, 1]","[3707764736, 2, 1, 1, 68, 1]"
b3c22,3,2018-04-12_batchdata_updated_struct_errorcorrect.mat,5.9C(60%)-3.1C-newstructure,1002.0,1001,1001,1001.0,0.88094068,"[3707764736, 2, 1, 1, 23, 1]","[3707764736, 2, 1, 1, 69, 1]"
b3c23,3,2018-04-12_batchdata_updated_struct_errorcorrect.mat,4.8C(80%)-4.8C-newstructure,,2189,2189,2189.0,0.93701142,"[3707764736, 2, 1, 1, 24, 1]","[3707764736, 2, 1, 1, 70, 1]"
b3c24,3,2018-04-12_batchdata_updated_struct_errorcorrect.mat,5C(67%)-4C-newstructure,825.0,824,824,824.0,0.88021326,"[3707764736, 2, 1, 1, 25, 1]","[3707764736, 2, 1, 1, 71, 1]"
b3c25,3,2018-04-12_batchdata_updated_struct_errorcorrect.mat,5.3C(54%)-4C-newstructure,989.0,988,988,988.0,0.88167018,"[3707764736, 2, 1, 1, 26, 1]","[3707764736, 2, 1, 1, 72, 1]"
b3c26,3,2018-04-12_batchdata_updated_struct_errorcorrect.mat,5.6C(19%)-4.6C-newstructure,1028.0,1027,1027,1027.0,0.88023561,"[3707764736, 2, 1, 1, 27, 1]","[3707764736, 2, 1, 1, 73, 1]"
b3c27,3,2018-04-12_batchdata_updated_struct_errorcorrect.mat,5.6C(36%)-4.3C-newstructure,850.0,849,849,849.0,0.88002509,"[3707764736, 2, 1, 1, 28, 1]","[3707764736, 2, 1, 1, 74, 1]"
b3c28,3,2018-04-12_batchdata_updated_struct_errorcorrect.mat,3.7C(31%)-5.9C-newstructure,541.0,540,540,540.0,0.88010961,"[3707764736, 2, 1, 1, 29, 1]","[3707764736, 2, 1, 1, 75, 1]"
b3c29,3,2018-04-12_batchdata_updated_struct_errorcorrect.mat,5.9C(15%)-4.6C-newstructure,858.0,857,857,857.0,0.88007307,"[3707764736, 2, 1, 1, 30, 1]","[3707764736, 2, 1, 1, 76, 1]"
b3c30,3,2018-04-12_batchdata_updated_struct_errorcorrect.mat,5.3C(54%)-4C-newstructure,935.0,934,934,934.0,0.88024825,"[3707764736, 2, 1, 1, 31, 1]","[3707764736, 2, 1, 1, 77, 1]"
b3c31,3,2018-04-12_batchdata_updated_struct_errorcorrect.mat,5.9C(60%)-3.1C-newstructure,731.0,730,730,730.0,0.88031369,"[3707764736, 2, 1, 1, 32, 1]","[3707764736, 2, 1, 1, 78, 1]"
b3c32,3,2018-04-12_batchdata_updated_struct_errorcorrect.mat,4.8C(80%)-4.8C-newstructure,,2237,2237,2237.0,0.97388279,"[3707764736, 2, 1, 1, 33, 1]","[3707764736, 2, 1, 1, 79, 1]"
b3c33,3,2018-04-12_batchdata_updated_struct_errorcorrect.mat,5C(67%)-4C-newstructure,1284.0,1283,1283,1283.0,0.88079751,"[3707764736, 2, 1, 1, 34, 1]","[3707764736, 2, 1, 1, 80, 1]"
b3c34,3,2018-04-12_batchdata_updated_struct_errorcorrect.mat,5.3C(54%)-4C-newstructure,1158.0,1157,1157,1157.0,0.88017184,"[3707764736, 2, 1, 1, 35, 1]","[3707764736, 2, 1, 1, 81, 1]"
b3c35,3,2018-04-12_batchdata_updated_struct_errorcorrect.mat,5.6C(19%)-4.6C-newstructure,1093.0,1092,1092,1092.0,0.88011736,"[3707764736, 2, 1, 1, 36, 1]","[3707764736, 2, 1, 1, 82, 1]"
b3c36,3,2018-04-12_batchdata_updated_struct_errorcorrect.mat,5.6C(36%)-4.3C-newstructure,923.0,922,922,922.0,0.88060242,"[3707764736, 2, 1, 1, 37, 1]","[3707764736, 2, 1, 1, 83, 1]"
b3c37,3,2018-04-12_batchdata_updated_struct_errorcorrect.mat,4.8C(80%)-4.8C-newstructure,1390.0,1389,1389,1389.0,0.88049883,"[3707764736, 2, 1, 1, 38, 1]","[3707764736, 2, 1, 1, 84, 1]"
b3c38,3,2018-04-12_batchdata_updated_struct_errorcorrect.mat,5C(67%)-4C-newstructure,1935.0,1934,1934,1934.0,0.88000458,"[3707764736, 2, 1, 1, 39, 1]","[3707764736, 2, 1, 1, 85, 1]"
b3c39,3,2018-04-12_batchdata_updated_struct_errorcorrect.mat,5.3C(54%)-4C-newstructure,1156.0,1155,1155,1155.0,0.88043225,"[3707764736, 2, 1, 1, 40, 1]","[3707764736, 2, 1, 1, 86, 1]"
b3c40,3,2018-04-12_batchdata_updated_struct_errorcorrect.mat,5.6C(19%)-4.6C-newstructure,796.0,795,795,795.0,0.88070726,"[3707764736, 2, 1, 1, 41, 1]","[3707764736, 2, 1, 1, 87, 1]"
b3c41,3,2018-04-12_batchdata_updated_struct_errorcorrect.mat,5.6C(36%)-4.3C-newstructure,786.0,785,785,785.0,0.88062328,"[3707764736, 2, 1, 1, 42, 1]","[3707764736, 2, 1, 1, 88, 1]"
b3c42,3,2018-04-12_batchdata_updated_struct_errorcorrect.mat,4.8C(80%)-4.8C-newstructure,1642.0,1641,1641,1641.0,0.88037544,"[3707764736, 2, 1, 1, 43, 1]","[3707764736, 2, 1, 1, 89, 1]"
b3c43,3,2018-04-12_batchdata_updated_struct_errorcorrect.mat,5C(67%)-4C-newstructure,1046.0,1045,1045,1045.0,0.88060749,"[3707764736, 2, 1, 1, 44, 1]","[3707764736, 2, 1, 1, 90, 1]"
b3c44,3,2018-04-12_batchdata_updated_struct_errorcorrect.mat,5.3C(54%)-4C-newstructure,940.0,939,939,939.0,0.88046378,"[3707764736, 2, 1, 1, 45, 1]","[3707764736, 2, 1, 1, 91, 1]"
b3c45,3,2018-04-12_batchdata_updated_struct_errorcorrect.mat,4.8C(80%)-4.8C-newstructure,1801.0,1800,1800,1800.0,0.88047254,"[3707764736, 2, 1, 1, 46, 1]","[3707764736, 2, 1, 1, 92, 1]"
