cell_id,batch,source_file,charging_policy,cycle_life_raw,n_summary,n_cycles,last_cycle,last_QD,barcode,channel_id,reasons
b1c0,1,2017-05-12_batchdata_updated_struct_errorcorrect.mat,3.6C(80%)-3.6C,1190.0,1189,1189,1189.0,1.0262098,"[3707764736, 2, 1, 1, 1, 1]","[3707764736, 2, 1, 1, 47, 1]",EOL_not_observed_or_incomplete_record
b1c1,1,2017-05-12_batchdata_updated_struct_errorcorrect.mat,3.6C(80%)-3.6C,1179.0,1178,1178,1178.0,1.0382246,"[3707764736, 2, 1, 1, 2, 1]","[3707764736, 2, 1, 1, 48, 1]",EOL_not_observed_or_incomplete_record
b1c2,1,2017-05-12_batchdata_updated_struct_errorcorrect.mat,3.6C(80%)-3.6C,1177.0,1176,1176,1176.0,1.0432786,"[3707764736, 2, 1, 1, 3, 1]","[3707764736, 2, 1, 1, 49, 1]",EOL_not_observed_or_incomplete_record
b1c3,1,2017-05-12_batchdata_updated_struct_errorcorrect.mat,4C(80%)-4C,1226.0,1225,1225,1225.0,0.97092122,"[3707764736, 2, 1, 1, 4, 1]","[3707764736, 2, 1, 1, 50, 1]",EOL_not_observed_or_incomplete_record
b1c4,1,2017-05-12_batchdata_updated_struct_errorcorrect.mat,4C(80%)-4C,1227.0,1226,1226,1226.0,1.0219597,"[3707764736, 2, 1, 1, 5, 1]","[3707764736, 2, 1, 1, 51, 1]",EOL_not_observed_or_incomplete_record
b1c8,1,2017-05-12_batchdata_updated_struct_errorcorrect.mat,5.4C(40%)-3.6C,879.0,878,878,878.0,0.96902454,"[3707764736, 2, 1, 1, 9, 1]","[3707764736, 2, 1, 1, 55, 1]",EOL_not_observed_or_incomplete_record
b1c10,1,2017-05-12_batchdata_updated_struct_errorcorrect.mat,5.4C(50%)-3C,906.0,905,905,905.0,0.96101874,"[3707764736, 2, 1, 1, 11, 1]","[3707764736, 2, 1, 1, 57, 1]",EOL_not_observed_or_incomplete_record
b1c12,1,2017-05-12_batchdata_updated_struct_errorcorrect.mat,5.4C(50%)-3.6C,902.0,901,901,901.0,0.91311944,"[3707764736, 2, 1, 1, 13, 1]","[3707764736, 2, 1, 1, 59, 1]",EOL_not_observed_or_incomplete_record
b1c13,1,2017-05-12_batchdata_updated_struct_errorcorrect.mat,5.4C(50%)-3.6C,897.0,896,896,896.0,0.92313582,"[3707764736, 2, 1, 1, 14, 1]","[3707764736, 2, 1, 1, 60, 1]",EOL_not_observed_or_incomplete_record
b1c22,1,2017-05-12_batchdata_updated_struct_errorcorrect.mat,6C(30%)-3.6C,891.0,890,890,890.0,0.96327895,"[3707764736, 2, 1, 1, 23, 1]","[3707764736, 2, 1, 1, 69, 1]",EOL_not_observed_or_incomplete_record
b2c22,2,2018-02-20_batchdata_updated_struct_errorcorrect.mat,VarCharge-2C-100cycles,,920,920,920.0,1.0556005,"[3707764736, 2, 1, 1, 23, 1]","[3707764736, 2, 1, 1, 70, 1]",missing_cycle_life;EOL_not_observed_or_incomplete_record
b2c23,2,2018-02-20_batchdata_updated_struct_errorcorrect.mat,VarCharge-4C-100cycles,,1152,1152,1152.0,0.97824305,"[3707764736, 2, 1, 1, 24, 1]","[3707764736, 2, 1, 1, 71, 1]",missing_cycle_life;EOL_not_observed_or_incomplete_record
b2c35,2,2018-02-20_batchdata_updated_struct_errorcorrect.mat,VarCharge-6C-100cycles,,423,423,423.0,0.88112044,"[3707764736, 2, 1, 1, 36, 1]","[3707764736, 2, 1, 1, 83, 1]",missing_cycle_life
b2c36,2,2018-02-20_batchdata_updated_struct_errorcorrect.mat,VarCharge-8C-100cycles,,280,280,280.0,0.88107425,"[3707764736, 2, 1, 1, 37, 1]","[3707764736, 2, 1, 1, 84, 1]",missing_cycle_life
b2c37,2,2018-02-20_batchdata_updated_struct_errorcorrect.mat,3.6C(80%)-3.6C(SLOWCYCLE,,101,101,101.0,2.1693008,"[3707764736, 2, 1, 1, 38, 1]","[3707764736, 2, 1, 1, 85, 1]",missing_cycle_life;EOL_not_observed_or_incomplete_record
b2c38,2,2018-02-20_batchdata_updated_struct_errorcorrect.mat,4.8C(80%)-4.8C(SLOWCYCLE,,101,101,101.0,2.1653843,"[3707764736, 2, 1, 1, 39, 1]","[3707764736, 2, 1, 1, 86, 1]",missing_cycle_life;EOL_not_observed_or_incomplete_record
b2c39,2,2018-02-20_batchdata_updated_struct_errorcorrect.mat,3.6C(9%)-5C(SLOWCYCLE,,434,434,434.0,0.88120419,"[3707764736, 2, 1, 1, 40, 1]","[3707764736, 2, 1, 1, 87, 1]",missing_cycle_life
b2c40,2,2018-02-20_batchdata_updated_struct_errorcorrect.mat,5.2C(58%)-4C(SLOWCYCLE,,459,459,459.0,0.88021344,"[3707764736, 2, 1, 1, 41, 1]","[3707764736, 2, 1, 1, 88, 1]",missing_cycle_life
b3c2,3,2018-04-12_batchdata_updated_struct_errorcorrect.mat,5.6C(19%)-4.6C-newstructure,1267.0,1266,1266,1266.0,0.88013124,"[3707764736, 2, 1, 1, 3, 1]","[3707764736, 2, 1, 1, 49, 1]",published_batch3_noisy_channel
b3c23,3,2018-04-12_batchdata_updated_struct_errorcorrect.mat,4.8C(80%)-4.8C-newstructure,,2189,2189,2189.0,0.93701142,"[3707764736, 2, 1, 1, 24, 1]","[3707764736, 2, 1, 1, 70, 1]",missing_cycle_life;EOL_not_observed_or_incomplete_record;published_batch3_noisy_channel
b3c32,3,2018-04-12_batchdata_updated_struct_errorcorrect.mat,4.8C(80%)-4.8C-newstructure,,2237,2237,2237.0,0.97388279,"[3707764736, 2, 1, 1, 33, 1]","[3707764736, 2, 1, 1, 79, 1]",missing_cycle_life;EOL_not_observed_or_incomplete_record;published_batch3_noisy_channel
b3c37,3,2018-04-12_batchdata_updated_struct_errorcorrect.mat,4.8C(80%)-4.8C-newstructure,1390.0,1389,1389,1389.0,0.88049883,"[3707764736, 2, 1, 1, 38, 1]","[3707764736, 2, 1, 1, 84, 1]",published_batch3_noisy_channel
b3c42,3,2018-04-12_batchdata_updated_struct_errorcorrect.mat,4.8C(80%)-4.8C-newstructure,1642.0,1641,1641,1641.0,0.88037544,"[3707764736, 2, 1, 1, 43, 1]","[3707764736, 2, 1, 1, 89, 1]",published_batch3_noisy_channel
b3c43,3,2018-04-12_batchdata_updated_struct_errorcorrect.mat,5C(67%)-4C-newstructure,1046.0,1045,1045,1045.0,0.88060749,"[3707764736, 2, 1, 1, 44, 1]","[3707764736, 2, 1, 1, 90, 1]",published_batch3_noisy_channel
