model,family,feature_set,n_features,CV MAPE mean (%),CV MAPE std (%),OOF pooled MAPE (%),OOF MAE (cycles)
ElasticNet / discharge,ElasticNet,discharge,4,7.719722731583028,2.5643387920177516,7.63201333052815,58.5069891329846
ElasticNet / current,ElasticNet,current,10,8.235379692061722,3.7595786893007843,8.356273675067087,63.92818280921866
Ridge / discharge,Ridge,discharge,4,8.25176207478141,2.067939863566263,8.17012015666413,63.12001375561273
Ridge / current,Ridge,current,10,8.350886731572949,1.2662954142550544,8.42190822433754,65.00904775976834
SVR / variance,SVR,variance,1,8.375794644334544,1.4888221018708276,8.338887782915148,65.40281899050349
SVR / discharge,SVR,discharge,4,8.869134781966991,5.31549326658746,8.606454746180777,63.6731522619484
Ridge / variance,Ridge,variance,1,8.926972000491222,2.0122580481196852,8.805628293994646,69.58520989032017
ElasticNet / state,ElasticNet,state,8,9.00310581814684,2.2540767636084973,8.955433803331719,68.43322990080436
Variance linear,Linear,variance,1,9.025714661924457,2.0979433659265774,8.901786705175015,70.38124341170912
RandomForest / discharge,RandomForest,discharge,4,9.49249668451719,3.787856000239228,9.245864056581295,70.73892717288247
RandomForest / state,RandomForest,state,8,9.694557153087644,4.82344592845787,9.367626907185937,70.71111477536492
RandomForest / policy,RandomForest,policy,11,9.935258034938432,4.806095117483614,9.61022294608664,72.24438152051849
SVR / state,SVR,state,8,10.991179054130413,4.745737348556004,10.733764506445588,79.05731714003481
Ridge / policy,Ridge,policy,11,11.20021914900786,3.019556712271945,11.301067973220261,87.74387539978105
ElasticNet / policy,ElasticNet,policy,11,11.50557113583652,4.7297020084989825,11.60384515973185,88.01891092920934
Ridge / state,Ridge,state,8,11.824983522995238,4.497575004446831,11.851004068139018,89.6689278250476
Dummy median,Dummy,variance,1,14.98854502676931,6.3012021614475735,14.862582404837504,111.67857142857143
