cell_id,batch,charging_policy,actual,model,subset,fold,predicted,error_cycles,absolute_percentage_error
b1c18,1,5.4C(70%)-3C,691.0,Dummy median,CV OOF,1,749.5,58.5,8.465991316931982
b1c19,1,5.4C(70%)-3C,788.0,Dummy median,CV OOF,1,749.5,-38.5,4.885786802030457
b1c28,1,6C(50%)-3C,860.0,Dummy median,CV OOF,1,749.5,-110.5,12.848837209302326
b1c29,1,6C(50%)-3C,917.0,Dummy median,CV OOF,1,749.5,-167.5,18.266085059978188
b1c44,1,8C(35%)-3.6C,616.0,Dummy median,CV OOF,1,749.5,133.5,21.67207792207792
b1c45,1,8C(35%)-3.6C,599.0,Dummy median,CV OOF,1,749.5,150.5,25.125208681135227
b1c14,1,5.4C(60%)-3C,880.0,Dummy median,CV OOF,2,772.5,-107.5,12.215909090909092
b1c15,1,5.4C(60%)-3C,719.0,Dummy median,CV OOF,2,772.5,53.5,7.440890125173852
b1c30,1,6C(50%)-3.6C,709.0,Dummy median,CV OOF,2,772.5,63.5,8.956276445698167
b1c31,1,6C(50%)-3.6C,876.0,Dummy median,CV OOF,2,772.5,-103.5,11.815068493150685
b1c42,1,8C(25%)-3.6C,702.0,Dummy median,CV OOF,2,772.5,70.5,10.042735042735043
b1c43,1,8C(25%)-3.6C,651.0,Dummy median,CV OOF,2,772.5,121.5,18.663594470046082
b1c16,1,5.4C(60%)-3.6C,862.0,Dummy median,CV OOF,3,736.5,-125.5,14.559164733178655
b1c17,1,5.4C(60%)-3.6C,857.0,Dummy median,CV OOF,3,736.5,-120.5,14.060676779463243
b1c24,1,6C(40%)-3C,1017.0,Dummy median,CV OOF,3,736.5,-280.5,27.5811209439528
b1c25,1,6C(40%)-3C,854.0,Dummy median,CV OOF,3,736.5,-117.5,13.758782201405152
b1c36,1,7C(40%)-3C,704.0,Dummy median,CV OOF,3,736.5,32.5,4.6164772727272725
b1c37,1,7C(40%)-3C,648.0,Dummy median,CV OOF,3,736.5,88.5,13.657407407407407
b1c11,1,5.4C(50%)-3C,788.0,Dummy median,CV OOF,4,731.0,-57.0,7.233502538071066
b1c26,1,6C(40%)-3.6C,870.0,Dummy median,CV OOF,4,731.0,-139.0,15.977011494252874
b1c27,1,6C(40%)-3.6C,842.0,Dummy median,CV OOF,4,731.0,-111.0,13.18289786223278
b1c34,1,7C(30%)-3.6C,742.0,Dummy median,CV OOF,4,731.0,-11.0,1.482479784366577
b1c35,1,7C(30%)-3.6C,703.0,Dummy median,CV OOF,4,731.0,28.0,3.9829302987197726
b1c9,1,5.4C(40%)-3.6C,1054.0,Dummy median,CV OOF,5,788.0,-266.0,25.23719165085389
b1c20,1,5.4C(80%)-5.4C,534.0,Dummy median,CV OOF,5,788.0,254.0,47.56554307116105
b1c21,1,5.4C(80%)-5.4C,559.0,Dummy median,CV OOF,5,788.0,229.0,40.96601073345259
b1c32,1,6C(60%)-3C,731.0,Dummy median,CV OOF,5,788.0,57.0,7.7975376196990425
b1c33,1,6C(60%)-3C,757.0,Dummy median,CV OOF,5,788.0,31.0,4.095112285336856
b1c18,1,5.4C(70%)-3C,691.0,Variance linear,CV OOF,1,693.5682120910724,2.5682120910723825,0.3716660044967268
b1c19,1,5.4C(70%)-3C,788.0,Variance linear,CV OOF,1,680.816528363963,-107.18347163603698,13.601963405588451
b1c28,1,6C(50%)-3C,860.0,Variance linear,CV OOF,1,781.7595355731257,-78.24046442687427,9.097728421729567
b1c29,1,6C(50%)-3C,917.0,Variance linear,CV OOF,1,778.6741779932431,-138.32582200675688,15.08460436278701
b1c44,1,8C(35%)-3.6C,616.0,Variance linear,CV OOF,1,602.3154431862902,-13.684556813709833,2.2215189632645833
b1c45,1,8C(35%)-3.6C,599.0,Variance linear,CV OOF,1,604.0189111495139,5.018911149513883,0.8378816610206816
b1c14,1,5.4C(60%)-3C,880.0,Variance linear,CV OOF,2,916.357062124693,36.357062124693016,4.131484332351479
b1c15,1,5.4C(60%)-3C,719.0,Variance linear,CV OOF,2,899.8202426490129,180.82024264901293,25.14885155062767
b1c30,1,6C(50%)-3.6C,709.0,Variance linear,CV OOF,2,753.883230738342,44.883230738342036,6.330497988482657
b1c31,1,6C(50%)-3.6C,876.0,Variance linear,CV OOF,2,770.1844502866974,-105.81554971330263,12.079400652203496
b1c42,1,8C(25%)-3.6C,702.0,Variance linear,CV OOF,2,716.3566974009701,14.35669740097012,2.0451135898817836
b1c43,1,8C(25%)-3.6C,651.0,Variance linear,CV OOF,2,717.2494945861886,66.24949458618858,10.176573669153392
b1c16,1,5.4C(60%)-3.6C,862.0,Variance linear,CV OOF,3,924.0918674316758,62.09186743167584,7.203232880704854
b1c17,1,5.4C(60%)-3.6C,857.0,Variance linear,CV OOF,3,855.2074317866094,-1.7925682133906093,0.2091678195321598
b1c24,1,6C(40%)-3C,1017.0,Variance linear,CV OOF,3,839.2147466241598,-177.78525337584017,17.481342514831876
b1c25,1,6C(40%)-3C,854.0,Variance linear,CV OOF,3,885.3151342317673,31.315134231767274,3.666877544703428
b1c36,1,7C(40%)-3C,704.0,Variance linear,CV OOF,3,714.1886347532312,10.188634753231213,1.4472492547203428
b1c37,1,7C(40%)-3C,648.0,Variance linear,CV OOF,3,716.0906254189571,68.09062541895707,10.50781256465387
b1c11,1,5.4C(50%)-3C,788.0,Variance linear,CV OOF,4,984.4869188978178,196.48691889781776,24.93488818500225
b1c26,1,6C(40%)-3.6C,870.0,Variance linear,CV OOF,4,777.2388537495966,-92.76114625040339,10.66220071843717
b1c27,1,6C(40%)-3.6C,842.0,Variance linear,CV OOF,4,808.3992968908965,-33.600703109103506,3.990582316995666
b1c34,1,7C(30%)-3.6C,742.0,Variance linear,CV OOF,4,805.6399685089605,63.639968508960465,8.576815162932677
b1c35,1,7C(30%)-3.6C,703.0,Variance linear,CV OOF,4,765.5143822563791,62.51438225637912,8.892515256952933
b1c9,1,5.4C(40%)-3.6C,1054.0,Variance linear,CV OOF,5,874.768035468494,-179.23196453150604,17.004930221205505
b1c20,1,5.4C(80%)-5.4C,534.0,Variance linear,CV OOF,5,619.8933421298673,85.89334212986728,16.08489552993769
b1c21,1,5.4C(80%)-5.4C,559.0,Variance linear,CV OOF,5,614.702450173381,55.70245017338095,9.964660138350796
b1c32,1,6C(60%)-3C,731.0,Variance linear,CV OOF,5,712.2935142904726,-18.706485709527442,2.559026772849171
b1c33,1,6C(60%)-3C,757.0,Variance linear,CV OOF,5,719.6303448004259,-37.36965519957414,4.936546261502529
b1c18,1,5.4C(70%)-3C,691.0,Ridge / variance,CV OOF,1,696.5294589109936,5.52945891099364,0.8002111303898176
b1c19,1,5.4C(70%)-3C,788.0,Ridge / variance,CV OOF,1,684.2751914797801,-103.72480852021988,13.163046766525365
b1c28,1,6C(50%)-3C,860.0,Ridge / variance,CV OOF,1,781.0220983498708,-78.97790165012918,9.183476936061533
b1c29,1,6C(50%)-3C,917.0,Ridge / variance,CV OOF,1,778.0734173270536,-138.92658267294644,15.150118066842579
b1c44,1,8C(35%)-3.6C,616.0,Ridge / variance,CV OOF,1,608.6084964599866,-7.391503540013446,1.1999194058463385
b1c45,1,8C(35%)-3.6C,599.0,Ridge / variance,CV OOF,1,610.2548236523603,11.254823652360301,1.8789355012287647
b1c14,1,5.4C(60%)-3C,880.0,Ridge / variance,CV OOF,2,908.9661762605074,28.966176260507382,3.2916109386940207
b1c15,1,5.4C(60%)-3C,719.0,Ridge / variance,CV OOF,2,893.2697333203191,174.26973332031912,24.23779322952978
b1c30,1,6C(50%)-3.6C,709.0,Ridge / variance,CV OOF,2,754.1753270764027,45.17532707640271,6.37169634363931
b1c31,1,6C(50%)-3.6C,876.0,Ridge / variance,CV OOF,2,769.7665615663734,-106.23343843362659,12.127104844021298
b1c42,1,8C(25%)-3.6C,702.0,Ridge / variance,CV OOF,2,718.2269262305138,16.226926230513754,2.3115279530646373
b1c43,1,8C(25%)-3.6C,651.0,Ridge / variance,CV OOF,2,719.0831124878791,68.08311248787913,10.458235405204167
b1c16,1,5.4C(60%)-3.6C,862.0,Ridge / variance,CV OOF,3,915.4195599368946,53.41955993689464,6.197164725857847
b1c17,1,5.4C(60%)-3.6C,857.0,Ridge / variance,CV OOF,3,850.0398278498641,-6.960172150135918,0.8121554434230943
b1c24,1,6C(40%)-3C,1017.0,Ridge / variance,CV OOF,3,834.828689459809,-182.17131054019103,17.912616572290172
b1c25,1,6C(40%)-3C,854.0,Ridge / variance,CV OOF,3,878.6428395906354,24.64283959063539,2.8855784063975864
b1c36,1,7C(40%)-3C,704.0,Ridge / variance,CV OOF,3,715.4565895838651,11.456589583865139,1.6273564749808436
b1c37,1,7C(40%)-3C,648.0,Ridge / variance,CV OOF,3,717.2790095237592,69.27900952375921,10.691205173419633
b1c11,1,5.4C(50%)-3C,788.0,Ridge / variance,CV OOF,4,973.532474777353,185.53247477735295,23.544730301694536
b1c26,1,6C(40%)-3.6C,870.0,Ridge / variance,CV OOF,4,776.1976188745558,-93.80238112544419,10.781882887982091
b1c27,1,6C(40%)-3.6C,842.0,Ridge / variance,CV OOF,4,805.9951366122347,-36.00486338776534,4.276112041302297
b1c34,1,7C(30%)-3.6C,742.0,Ridge / variance,CV OOF,4,803.3584567932033,61.358456793203345,8.269333799623093
b1c35,1,7C(30%)-3.6C,703.0,Ridge / variance,CV OOF,4,764.9731744066858,61.97317440668576,8.815529787579766
b1c9,1,5.4C(40%)-3.6C,1054.0,Ridge / variance,CV OOF,5,874.7199201088777,-179.28007989112234,17.009495245837034
b1c20,1,5.4C(80%)-5.4C,534.0,Ridge / variance,CV OOF,5,619.9520326253695,85.9520326253695,16.09588625943249
b1c21,1,5.4C(80%)-5.4C,559.0,Ridge / variance,CV OOF,5,614.7628958772848,55.76289587728479,9.97547332330676
b1c32,1,6C(60%)-3C,731.0,Ridge / variance,CV OOF,5,712.3179394741512,-18.682060525848783,2.555685434452638
b1c33,1,6C(60%)-3C,757.0,Ridge / variance,CV OOF,5,719.6518165625051,-37.34818343749487,4.933709833222571
b1c18,1,5.4C(70%)-3C,691.0,Ridge / discharge,CV OOF,1,636.1856520260961,-54.814347973903864,7.932611863083047
b1c19,1,5.4C(70%)-3C,788.0,Ridge / discharge,CV OOF,1,714.9596013243208,-73.04039867567917,9.269086126355225
b1c28,1,6C(50%)-3C,860.0,Ridge / discharge,CV OOF,1,792.5139414171747,-67.48605858282531,7.847216114282013
b1c29,1,6C(50%)-3C,917.0,Ridge / discharge,CV OOF,1,802.1951060686647,-114.8048939313353,12.519617658815191
b1c44,1,8C(35%)-3.6C,616.0,Ridge / discharge,CV OOF,1,636.2147691509467,20.214769150946722,3.2816183686601823
b1c45,1,8C(35%)-3.6C,599.0,Ridge / discharge,CV OOF,1,633.6721839905073,34.67218399050728,5.788344572705722
b1c14,1,5.4C(60%)-3C,880.0,Ridge / discharge,CV OOF,2,881.3873777346781,1.3873777346781253,0.15765656075887788
b1c15,1,5.4C(60%)-3C,719.0,Ridge / discharge,CV OOF,2,822.644815008949,103.64481500894897,14.415134215431012
b1c30,1,6C(50%)-3.6C,709.0,Ridge / discharge,CV OOF,2,747.3203244755084,38.320324475508414,5.404841251834755
b1c31,1,6C(50%)-3.6C,876.0,Ridge / discharge,CV OOF,2,810.7393819080736,-65.2606180919264,7.449842247936805
b1c42,1,8C(25%)-3.6C,702.0,Ridge / discharge,CV OOF,2,746.3310524186423,44.331052418642344,6.314964732000333
b1c43,1,8C(25%)-3.6C,651.0,Ridge / discharge,CV OOF,2,686.1610619047467,35.1610619047467,5.401084777994885
b1c16,1,5.4C(60%)-3.6C,862.0,Ridge / discharge,CV OOF,3,1013.6393867410144,151.6393867410144,17.591576188052713
b1c17,1,5.4C(60%)-3.6C,857.0,Ridge / discharge,CV OOF,3,845.0360774037898,-11.963922596210182,1.3960236401645487
b1c24,1,6C(40%)-3C,1017.0,Ridge / discharge,CV OOF,3,839.3344969952796,-177.66550300472045,17.46956765041499
b1c25,1,6C(40%)-3C,854.0,Ridge / discharge,CV OOF,3,896.563881948576,42.563881948575954,4.984061118100229
b1c36,1,7C(40%)-3C,704.0,Ridge / discharge,CV OOF,3,718.2636165078479,14.263616507847928,2.026081890319308
b1c37,1,7C(40%)-3C,648.0,Ridge / discharge,CV OOF,3,684.0712188929292,36.07121889292921,5.566546125452039
b1c11,1,5.4C(50%)-3C,788.0,Ridge / discharge,CV OOF,4,831.9178200611033,43.91782006110327,5.5733274189217346
b1c26,1,6C(40%)-3.6C,870.0,Ridge / discharge,CV OOF,4,812.8615080687357,-57.1384919312643,6.567642750720034
b1c27,1,6C(40%)-3.6C,842.0,Ridge / discharge,CV OOF,4,793.2766157689,-48.7233842311,5.7866252055938245
b1c34,1,7C(30%)-3.6C,742.0,Ridge / discharge,CV OOF,4,808.529218467986,66.52921846798597,8.966201949863338
b1c35,1,7C(30%)-3.6C,703.0,Ridge / discharge,CV OOF,4,760.7158250223841,57.71582502238414,8.20993243561652
b1c9,1,5.4C(40%)-3.6C,1054.0,Ridge / discharge,CV OOF,5,931.7730208469467,-122.22697915305332,11.596487585678684
b1c20,1,5.4C(80%)-5.4C,534.0,Ridge / discharge,CV OOF,5,664.4617235731206,130.4617235731206,24.431034376988876
b1c21,1,5.4C(80%)-5.4C,559.0,Ridge / discharge,CV OOF,5,610.0794434444729,51.07944344447287,9.137646412249172
b1c32,1,6C(60%)-3C,731.0,Ridge / discharge,CV OOF,5,694.8754601853603,-36.12453981463966,4.941797512262608
b1c33,1,6C(60%)-3C,757.0,Ridge / discharge,CV OOF,5,823.1375278270856,66.13752782708559,8.736793636338916
b1c18,1,5.4C(70%)-3C,691.0,Ridge / state,CV OOF,1,214.4649369735899,-476.5350630264101,68.96310608196963
b1c19,1,5.4C(70%)-3C,788.0,Ridge / state,CV OOF,1,673.2073783084822,-114.79262169151775,14.567591585217988
b1c28,1,6C(50%)-3C,860.0,Ridge / state,CV OOF,1,807.3091328276005,-52.69086717239952,6.126845020046456
b1c29,1,6C(50%)-3C,917.0,Ridge / state,CV OOF,1,808.8521258568261,-108.14787414317391,11.793661302418093
b1c44,1,8C(35%)-3.6C,616.0,Ridge / state,CV OOF,1,602.1734365972568,-13.826563402743204,2.244571980964806
b1c45,1,8C(35%)-3.6C,599.0,Ridge / state,CV OOF,1,590.125978023878,-8.87402197612198,1.4814727839936528
b1c14,1,5.4C(60%)-3C,880.0,Ridge / state,CV OOF,2,999.7098093897899,119.70980938978994,13.603387430657946
b1c15,1,5.4C(60%)-3C,719.0,Ridge / state,CV OOF,2,906.1570379747005,187.15703797470053,26.030186088275457
b1c30,1,6C(50%)-3.6C,709.0,Ridge / state,CV OOF,2,757.002103054081,48.002103054080976,6.770395353184906
b1c31,1,6C(50%)-3.6C,876.0,Ridge / state,CV OOF,2,814.0092557268706,-61.990744273129394,7.076568980950844
b1c42,1,8C(25%)-3.6C,702.0,Ridge / state,CV OOF,2,748.7163251400052,46.71632514000521,6.654747170940913
b1c43,1,8C(25%)-3.6C,651.0,Ridge / state,CV OOF,2,669.9913676103415,18.991367610341513,2.9172607696377133
b1c16,1,5.4C(60%)-3.6C,862.0,Ridge / state,CV OOF,3,1042.4127464942026,180.41274649420257,20.929552957564105
b1c17,1,5.4C(60%)-3.6C,857.0,Ridge / state,CV OOF,3,861.4132184115622,4.413218411562184,0.5149613082336271
b1c24,1,6C(40%)-3C,1017.0,Ridge / state,CV OOF,3,832.0135928502032,-184.98640714979683,18.18942056536842
b1c25,1,6C(40%)-3C,854.0,Ridge / state,CV OOF,3,888.8671757709442,34.867175770944186,4.082807467323676
b1c36,1,7C(40%)-3C,704.0,Ridge / state,CV OOF,3,711.8897001143695,7.889700114369475,1.1206960389729368
b1c37,1,7C(40%)-3C,648.0,Ridge / state,CV OOF,3,674.9174152880166,26.917415288016628,4.153922112348245
b1c11,1,5.4C(50%)-3C,788.0,Ridge / state,CV OOF,4,828.8228005045439,40.82280050454392,5.180558439662934
b1c26,1,6C(40%)-3.6C,870.0,Ridge / state,CV OOF,4,808.789146777285,-61.210853222714945,7.035730255484476
b1c27,1,6C(40%)-3.6C,842.0,Ridge / state,CV OOF,4,786.5103887617956,-55.48961123820436,6.590215111425696
b1c34,1,7C(30%)-3.6C,742.0,Ridge / state,CV OOF,4,810.5291738152183,68.52917381521831,9.235737710945864
b1c35,1,7C(30%)-3.6C,703.0,Ridge / state,CV OOF,4,765.9718325561084,62.97183255610844,8.957586423344017
b1c9,1,5.4C(40%)-3.6C,1054.0,Ridge / state,CV OOF,5,910.4529986011139,-143.5470013988861,13.619260094770977
b1c20,1,5.4C(80%)-5.4C,534.0,Ridge / state,CV OOF,5,709.6688104642634,175.6688104642634,32.89678098581712
b1c21,1,5.4C(80%)-5.4C,559.0,Ridge / state,CV OOF,5,640.3630670675018,81.36306706750179,14.555110387746295
b1c32,1,6C(60%)-3C,731.0,Ridge / state,CV OOF,5,703.6831465942586,-27.316853405741426,3.7369156505802223
b1c33,1,6C(60%)-3C,757.0,Ridge / state,CV OOF,5,853.8889133448446,96.88891334484458,12.79906385004552
b1c18,1,5.4C(70%)-3C,691.0,Ridge / policy,CV OOF,1,293.20320616550714,-397.79679383449286,57.568276965917924
b1c19,1,5.4C(70%)-3C,788.0,Ridge / policy,CV OOF,1,708.966593750226,-79.03340624977398,10.029620082458626
b1c28,1,6C(50%)-3C,860.0,Ridge / policy,CV OOF,1,808.515936218644,-51.484063781355985,5.986519044343718
b1c29,1,6C(50%)-3C,917.0,Ridge / policy,CV OOF,1,812.0874939242091,-104.91250607579093,11.44084035722911
b1c44,1,8C(35%)-3.6C,616.0,Ridge / policy,CV OOF,1,615.2250088913905,-0.7749911086094698,0.12581024490413473
b1c45,1,8C(35%)-3.6C,599.0,Ridge / policy,CV OOF,1,605.1872868533533,6.187286853353271,1.0329360356182422
b1c14,1,5.4C(60%)-3C,880.0,Ridge / policy,CV OOF,2,1009.7503243522332,129.75032435223318,14.744355040026498
b1c15,1,5.4C(60%)-3C,719.0,Ridge / policy,CV OOF,2,948.0301433307044,229.0301433307044,31.853983773394212
b1c30,1,6C(50%)-3.6C,709.0,Ridge / policy,CV OOF,2,750.8858221738943,41.885822173894326,5.907732323539396
b1c31,1,6C(50%)-3.6C,876.0,Ridge / policy,CV OOF,2,762.2878896471018,-113.71211035289821,12.980834515171027
b1c42,1,8C(25%)-3.6C,702.0,Ridge / policy,CV OOF,2,707.4266493739916,5.426649373991609,0.773026976352081
b1c43,1,8C(25%)-3.6C,651.0,Ridge / policy,CV OOF,2,645.3752436790976,-5.6247563209024065,0.8640178680341638
b1c16,1,5.4C(60%)-3.6C,862.0,Ridge / policy,CV OOF,3,807.6524627314951,-54.34753726850488,6.304818708643257
b1c17,1,5.4C(60%)-3.6C,857.0,Ridge / policy,CV OOF,3,781.5501359437859,-75.4498640562141,8.803951465135835
b1c24,1,6C(40%)-3C,1017.0,Ridge / policy,CV OOF,3,783.9686204903056,-233.03137950969437,22.913606638121376
b1c25,1,6C(40%)-3C,854.0,Ridge / policy,CV OOF,3,792.4842527138029,-61.5157472861971,7.20324909674439
b1c36,1,7C(40%)-3C,704.0,Ridge / policy,CV OOF,3,748.1406559881315,44.14065598813147,6.269979543768676
b1c37,1,7C(40%)-3C,648.0,Ridge / policy,CV OOF,3,737.054565288338,89.05456528833804,13.742988470422537
b1c11,1,5.4C(50%)-3C,788.0,Ridge / policy,CV OOF,4,841.7178020524569,53.71780205245693,6.81697995589555
b1c26,1,6C(40%)-3.6C,870.0,Ridge / policy,CV OOF,4,815.879400378863,-54.12059962113699,6.220758577142183
b1c27,1,6C(40%)-3.6C,842.0,Ridge / policy,CV OOF,4,792.5339857022407,-49.46601429775933,5.874823550802771
b1c34,1,7C(30%)-3.6C,742.0,Ridge / policy,CV OOF,4,788.4421534602055,46.44215346020553,6.259050331564088
b1c35,1,7C(30%)-3.6C,703.0,Ridge / policy,CV OOF,4,752.5548593892784,49.55485938927836,7.049055389655528
b1c9,1,5.4C(40%)-3.6C,1054.0,Ridge / policy,CV OOF,5,866.5586445787586,-187.44135542124138,17.783809812261993
b1c20,1,5.4C(80%)-5.4C,534.0,Ridge / policy,CV OOF,5,645.8337107093323,111.83371070933231,20.942642454931143
b1c21,1,5.4C(80%)-5.4C,559.0,Ridge / policy,CV OOF,5,620.4460503877336,61.446050387733635,10.992137815336964
b1c32,1,6C(60%)-3C,731.0,Ridge / policy,CV OOF,5,760.5059946180274,29.505994618027444,4.036387772643973
b1c33,1,6C(60%)-3C,757.0,Ridge / policy,CV OOF,5,847.1413680316174,90.14136803161739,11.907710440107977
b1c18,1,5.4C(70%)-3C,691.0,Ridge / current,CV OOF,1,548.7688842319378,-142.23111576806218,20.58337420666602
b1c19,1,5.4C(70%)-3C,788.0,Ridge / current,CV OOF,1,710.728312524458,-77.27168747554197,9.806051710094158
b1c28,1,6C(50%)-3C,860.0,Ridge / current,CV OOF,1,786.7674890356828,-73.23251096431716,8.515408251664786
b1c29,1,6C(50%)-3C,917.0,Ridge / current,CV OOF,1,801.1856498988601,-115.8143501011399,12.629700120080686
b1c44,1,8C(35%)-3.6C,616.0,Ridge / current,CV OOF,1,626.8813021120217,10.881302112021672,1.7664451480554662
b1c45,1,8C(35%)-3.6C,599.0,Ridge / current,CV OOF,1,630.8459244921477,31.845924492147674,5.316514940258377
b1c14,1,5.4C(60%)-3C,880.0,Ridge / current,CV OOF,2,858.1271464011348,-21.872853598865163,2.4855515453255865
b1c15,1,5.4C(60%)-3C,719.0,Ridge / current,CV OOF,2,802.5476329850925,83.54763298509249,11.619976771222879
b1c30,1,6C(50%)-3.6C,709.0,Ridge / current,CV OOF,2,746.493286802327,37.49328680232702,5.288192778889566
b1c31,1,6C(50%)-3.6C,876.0,Ridge / current,CV OOF,2,753.2851732485234,-122.71482675147661,14.008541866606919
b1c42,1,8C(25%)-3.6C,702.0,Ridge / current,CV OOF,2,771.0800850019277,69.08008500192773,9.840467948992554
b1c43,1,8C(25%)-3.6C,651.0,Ridge / current,CV OOF,2,709.5689545400899,58.56895454008986,8.996767210459272
b1c16,1,5.4C(60%)-3.6C,862.0,Ridge / current,CV OOF,3,941.0632106098785,79.06321060987852,9.172066196041593
b1c17,1,5.4C(60%)-3.6C,857.0,Ridge / current,CV OOF,3,799.8901603563206,-57.10983964367938,6.6639252793091455
b1c24,1,6C(40%)-3C,1017.0,Ridge / current,CV OOF,3,892.6211206339941,-124.37887936600589,12.229978305408643
b1c25,1,6C(40%)-3C,854.0,Ridge / current,CV OOF,3,926.3245346033148,72.32453460331476,8.468915058936155
b1c36,1,7C(40%)-3C,704.0,Ridge / current,CV OOF,3,745.939392552489,41.93939255248904,5.957300078478557
b1c37,1,7C(40%)-3C,648.0,Ridge / current,CV OOF,3,705.6615965950574,57.661596595057404,8.89839453627429
b1c11,1,5.4C(50%)-3C,788.0,Ridge / current,CV OOF,4,844.4785479879752,56.47854798797516,7.167328424869944
b1c26,1,6C(40%)-3.6C,870.0,Ridge / current,CV OOF,4,884.7998119920517,14.799811992051673,1.701127815178353
b1c27,1,6C(40%)-3.6C,842.0,Ridge / current,CV OOF,4,826.8717705463336,-15.12822945366645,1.7967018353523099
b1c34,1,7C(30%)-3.6C,742.0,Ridge / current,CV OOF,4,826.6703340143681,84.67033401436811,11.411096228351497
b1c35,1,7C(30%)-3.6C,703.0,Ridge / current,CV OOF,4,769.0920958657669,66.09209586576685,9.401436111773378
b1c9,1,5.4C(40%)-3.6C,1054.0,Ridge / current,CV OOF,5,925.5550985074032,-128.44490149259684,12.186423291517727
b1c20,1,5.4C(80%)-5.4C,534.0,Ridge / current,CV OOF,5,610.5232449159566,76.52324491595664,14.330195677145438
b1c21,1,5.4C(80%)-5.4C,559.0,Ridge / current,CV OOF,5,602.5942944513447,43.594294451344695,7.798621547646636
b1c32,1,6C(60%)-3C,731.0,Ridge / current,CV OOF,5,693.0114128669359,-37.98858713306413,5.196797145426009
b1c33,1,6C(60%)-3C,757.0,Ridge / current,CV OOF,5,776.5013060032886,19.50130600328862,2.5761302514251807
b1c18,1,5.4C(70%)-3C,691.0,ElasticNet / discharge,CV OOF,1,643.4459871025915,-47.554012897408484,6.881912141448406
b1c19,1,5.4C(70%)-3C,788.0,ElasticNet / discharge,CV OOF,1,714.5793405660551,-73.42065943394493,9.317342567759509
b1c28,1,6C(50%)-3C,860.0,ElasticNet / discharge,CV OOF,1,789.4824116300906,-70.51758836990939,8.19971957789644
b1c29,1,6C(50%)-3C,917.0,ElasticNet / discharge,CV OOF,1,796.0844721494833,-120.9155278505167,13.185989950983283
b1c44,1,8C(35%)-3.6C,616.0,ElasticNet / discharge,CV OOF,1,630.266897173018,14.266897173018037,2.3160547358795514
b1c45,1,8C(35%)-3.6C,599.0,ElasticNet / discharge,CV OOF,1,627.3717957833231,28.371795783323137,4.736526841957118
b1c14,1,5.4C(60%)-3C,880.0,ElasticNet / discharge,CV OOF,2,885.448075680169,5.44807568016904,0.6190995091101182
b1c15,1,5.4C(60%)-3C,719.0,ElasticNet / discharge,CV OOF,2,820.4283935894176,101.42839358941762,14.106869762088683
b1c30,1,6C(50%)-3.6C,709.0,ElasticNet / discharge,CV OOF,2,763.4273676078583,54.42736760785829,7.676638590671127
b1c31,1,6C(50%)-3.6C,876.0,ElasticNet / discharge,CV OOF,2,850.6715553694614,-25.32844463053857,2.8913749578240378
b1c42,1,8C(25%)-3.6C,702.0,ElasticNet / discharge,CV OOF,2,725.3089062250427,23.308906225042733,3.3203570121143495
b1c43,1,8C(25%)-3.6C,651.0,ElasticNet / discharge,CV OOF,2,677.5348948605122,26.534894860512168,4.076020715900486
b1c16,1,5.4C(60%)-3.6C,862.0,ElasticNet / discharge,CV OOF,3,982.3336272069074,120.33362720690741,13.959817541404572
b1c17,1,5.4C(60%)-3.6C,857.0,ElasticNet / discharge,CV OOF,3,837.2874566508301,-19.71254334916989,2.3001800874177234
b1c24,1,6C(40%)-3C,1017.0,ElasticNet / discharge,CV OOF,3,833.2838635689967,-183.7161364310033,18.064516856539164
b1c25,1,6C(40%)-3C,854.0,ElasticNet / discharge,CV OOF,3,888.0185279757462,34.018527975746224,3.98343418919745
b1c36,1,7C(40%)-3C,704.0,ElasticNet / discharge,CV OOF,3,715.2340729139006,11.234072913900604,1.5957489934517903
b1c37,1,7C(40%)-3C,648.0,ElasticNet / discharge,CV OOF,3,693.2837029224131,45.28370292241311,6.9882257596316535
b1c11,1,5.4C(50%)-3C,788.0,ElasticNet / discharge,CV OOF,4,848.32477965763,60.32477965762996,7.6554288905621775
b1c26,1,6C(40%)-3.6C,870.0,ElasticNet / discharge,CV OOF,4,824.8563009702493,-45.14369902975068,5.188930922959848
b1c27,1,6C(40%)-3.6C,842.0,ElasticNet / discharge,CV OOF,4,810.7161544640372,-31.28384553596277,3.7154210850312075
b1c34,1,7C(30%)-3.6C,742.0,ElasticNet / discharge,CV OOF,4,803.1325033251678,61.13250332516782,8.238881849753076
b1c35,1,7C(30%)-3.6C,703.0,ElasticNet / discharge,CV OOF,4,737.604978646688,34.60497864668798,4.922472069230154
b1c9,1,5.4C(40%)-3.6C,1054.0,ElasticNet / discharge,CV OOF,5,949.6610802787396,-104.33891972126037,9.899328246798897
b1c20,1,5.4C(80%)-5.4C,534.0,ElasticNet / discharge,CV OOF,5,664.1556362186075,130.15563621860747,24.3737146476793
b1c21,1,5.4C(80%)-5.4C,559.0,ElasticNet / discharge,CV OOF,5,633.2646500179729,74.26465001797294,13.285268339530043
b1c32,1,6C(60%)-3C,731.0,ElasticNet / discharge,CV OOF,5,697.0782616110226,-33.92173838897736,4.640456687958599
b1c33,1,6C(60%)-3C,757.0,ElasticNet / discharge,CV OOF,5,814.2037702807519,57.20377028075188,7.556640724009497
b1c18,1,5.4C(70%)-3C,691.0,ElasticNet / state,CV OOF,1,544.9599842218641,-146.04001577813585,21.13458983764629
b1c19,1,5.4C(70%)-3C,788.0,ElasticNet / state,CV OOF,1,712.5320864172552,-75.46791358274481,9.577146393749342
b1c28,1,6C(50%)-3C,860.0,ElasticNet / state,CV OOF,1,792.6199630321286,-67.38003696787143,7.834888019519934
b1c29,1,6C(50%)-3C,917.0,ElasticNet / state,CV OOF,1,797.2627781167666,-119.73722188323336,13.057494207549984
b1c44,1,8C(35%)-3.6C,616.0,ElasticNet / state,CV OOF,1,636.4873731512743,20.487373151274255,3.3258722648172494
b1c45,1,8C(35%)-3.6C,599.0,ElasticNet / state,CV OOF,1,633.4789689222297,34.47896892222968,5.756088300873069
b1c14,1,5.4C(60%)-3C,880.0,ElasticNet / state,CV OOF,2,927.321147592567,47.321147592566945,5.37740313551897
b1c15,1,5.4C(60%)-3C,719.0,ElasticNet / state,CV OOF,2,860.1278718386375,141.12787183863747,19.62835491497044
b1c30,1,6C(50%)-3.6C,709.0,ElasticNet / state,CV OOF,2,760.0097153268866,51.009715326886635,7.194600187149032
b1c31,1,6C(50%)-3.6C,876.0,ElasticNet / state,CV OOF,2,836.1124625437812,-39.88753745621875,4.553371855732734
b1c42,1,8C(25%)-3.6C,702.0,ElasticNet / state,CV OOF,2,733.4722201594883,31.4722201594883,4.483222244941354
b1c43,1,8C(25%)-3.6C,651.0,ElasticNet / state,CV OOF,2,685.0606549522865,34.06065495228654,5.232051451964138
b1c16,1,5.4C(60%)-3.6C,862.0,ElasticNet / state,CV OOF,3,982.3336272125998,120.33362721259982,13.959817542064945
b1c17,1,5.4C(60%)-3.6C,857.0,ElasticNet / state,CV OOF,3,837.2874566542675,-19.712543345732456,2.3001800870166225
b1c24,1,6C(40%)-3C,1017.0,ElasticNet / state,CV OOF,3,833.2838635422986,-183.7161364577014,18.064516859164346
b1c25,1,6C(40%)-3C,854.0,ElasticNet / state,CV OOF,3,888.0185278934755,34.01852789347549,3.9834341795638752
b1c36,1,7C(40%)-3C,704.0,ElasticNet / state,CV OOF,3,715.2340729915087,11.234072991508697,1.5957490044756673
b1c37,1,7C(40%)-3C,648.0,ElasticNet / state,CV OOF,3,693.2837028663822,45.283702866382214,6.988225750984909
b1c11,1,5.4C(50%)-3C,788.0,ElasticNet / state,CV OOF,4,863.5374691536446,75.53746915364457,9.585973242848295
b1c26,1,6C(40%)-3.6C,870.0,ElasticNet / state,CV OOF,4,810.158426616426,-59.84157338357397,6.878341768226894
b1c27,1,6C(40%)-3.6C,842.0,ElasticNet / state,CV OOF,4,805.2487205447129,-36.75127945528709,4.364760030319132
b1c34,1,7C(30%)-3.6C,742.0,ElasticNet / state,CV OOF,4,800.08305892353,58.08305892352996,7.827905515300534
b1c35,1,7C(30%)-3.6C,703.0,ElasticNet / state,CV OOF,4,744.5465201074029,41.5465201074029,5.909889062219474
b1c9,1,5.4C(40%)-3.6C,1054.0,ElasticNet / state,CV OOF,5,942.1713766746878,-111.82862332531215,10.609926311699445
b1c20,1,5.4C(80%)-5.4C,534.0,ElasticNet / state,CV OOF,5,661.7415945953027,127.74159459530267,23.9216469279593
b1c21,1,5.4C(80%)-5.4C,559.0,ElasticNet / state,CV OOF,5,631.8372733391192,72.83727333911918,13.029923674261035
b1c32,1,6C(60%)-3C,731.0,ElasticNet / state,CV OOF,5,698.5992538176317,-32.400746182368266,4.43238661865503
b1c33,1,6C(60%)-3C,757.0,ElasticNet / state,CV OOF,5,833.7930103780075,76.79301037800747,10.144387104096099
b1c18,1,5.4C(70%)-3C,691.0,ElasticNet / policy,CV OOF,1,352.05434226454355,-338.94565773545645,49.051470005131186
b1c19,1,5.4C(70%)-3C,788.0,ElasticNet / policy,CV OOF,1,715.9110295864688,-72.08897041353123,9.14834649917909
b1c28,1,6C(50%)-3C,860.0,ElasticNet / policy,CV OOF,1,805.7918967060737,-54.20810329392634,6.303267824875156
b1c29,1,6C(50%)-3C,917.0,ElasticNet / policy,CV OOF,1,807.3862999874655,-109.61370001253454,11.953511451748586
b1c44,1,8C(35%)-3.6C,616.0,ElasticNet / policy,CV OOF,1,613.9827979283548,-2.0172020716452153,0.3274678687735739
b1c45,1,8C(35%)-3.6C,599.0,ElasticNet / policy,CV OOF,1,607.943649212973,8.943649212973014,1.4930966966565966
b1c14,1,5.4C(60%)-3C,880.0,ElasticNet / policy,CV OOF,2,1127.4385223054965,247.43852230549646,28.11801389835187
b1c15,1,5.4C(60%)-3C,719.0,ElasticNet / policy,CV OOF,2,1029.548484614549,310.5484846145489,43.19172247768413
b1c30,1,6C(50%)-3.6C,709.0,ElasticNet / policy,CV OOF,2,737.54588076761,28.545880767610015,4.0262173156008485
b1c31,1,6C(50%)-3.6C,876.0,ElasticNet / policy,CV OOF,2,855.6221955641644,-20.37780443583563,2.326233383086259
b1c42,1,8C(25%)-3.6C,702.0,ElasticNet / policy,CV OOF,2,649.3535655027508,-52.646434497249174,7.499492093625238
b1c43,1,8C(25%)-3.6C,651.0,ElasticNet / policy,CV OOF,2,565.0781228549207,-85.92187714507929,13.198445029966097
b1c16,1,5.4C(60%)-3.6C,862.0,ElasticNet / policy,CV OOF,3,961.5764359882727,99.57643598827269,11.551790717897065
b1c17,1,5.4C(60%)-3.6C,857.0,ElasticNet / policy,CV OOF,3,829.7245129526497,-27.27548704735034,3.18267060062431
b1c24,1,6C(40%)-3C,1017.0,ElasticNet / policy,CV OOF,3,835.6736837812077,-181.32631621879227,17.829529618366987
b1c25,1,6C(40%)-3C,854.0,ElasticNet / policy,CV OOF,3,885.4862459251377,31.486245925137723,3.6869140427561735
b1c36,1,7C(40%)-3C,704.0,ElasticNet / policy,CV OOF,3,720.7984469577141,16.798446957714077,2.386143033766204
b1c37,1,7C(40%)-3C,648.0,ElasticNet / policy,CV OOF,3,702.0171756809672,54.01717568096717,8.335983901383823
b1c11,1,5.4C(50%)-3C,788.0,ElasticNet / policy,CV OOF,4,847.2269814185793,59.22698141857927,7.51611439322072
b1c26,1,6C(40%)-3.6C,870.0,ElasticNet / policy,CV OOF,4,817.9960900427113,-52.00390995728867,5.977460914630882
b1c27,1,6C(40%)-3.6C,842.0,ElasticNet / policy,CV OOF,4,803.6731349183547,-38.32686508164534,4.55188421397213
b1c34,1,7C(30%)-3.6C,742.0,ElasticNet / policy,CV OOF,4,784.0585128082478,42.05851280824777,5.6682631817045515
b1c35,1,7C(30%)-3.6C,703.0,ElasticNet / policy,CV OOF,4,723.940234111148,20.940234111148015,2.9786961751277405
b1c9,1,5.4C(40%)-3.6C,1054.0,ElasticNet / policy,CV OOF,5,872.3506747898573,-181.6493252101427,17.23428132923555
b1c20,1,5.4C(80%)-5.4C,534.0,ElasticNet / policy,CV OOF,5,695.3798307594351,161.3798307594351,30.220942089781854
b1c21,1,5.4C(80%)-5.4C,559.0,ElasticNet / policy,CV OOF,5,666.5165927457857,107.51659274578572,19.233737521607463
b1c32,1,6C(60%)-3C,731.0,ElasticNet / policy,CV OOF,5,738.6760517679932,7.676051767993158,1.050075481257614
b1c33,1,6C(60%)-3C,757.0,ElasticNet / policy,CV OOF,5,808.974807833475,51.97480783347498,6.865892712480183
b1c18,1,5.4C(70%)-3C,691.0,ElasticNet / current,CV OOF,1,403.64371101219064,-287.35628898780936,41.58557004165114
b1c19,1,5.4C(70%)-3C,788.0,ElasticNet / current,CV OOF,1,703.7551922560798,-84.2448077439202,10.690965449736067
b1c28,1,6C(50%)-3C,860.0,ElasticNet / current,CV OOF,1,782.7678897846955,-77.23211021530449,8.98047793201215
b1c29,1,6C(50%)-3C,917.0,ElasticNet / current,CV OOF,1,810.9826630334821,-106.01733696651786,11.561323551419616
b1c44,1,8C(35%)-3.6C,616.0,ElasticNet / current,CV OOF,1,557.6726442310992,-58.327355768900816,9.468726585860521
b1c45,1,8C(35%)-3.6C,599.0,ElasticNet / current,CV OOF,1,577.4761098060584,-21.52389019394161,3.5933038721104524
b1c14,1,5.4C(60%)-3C,880.0,ElasticNet / current,CV OOF,2,847.1806531763609,-32.81934682363908,3.7294712299589863
b1c15,1,5.4C(60%)-3C,719.0,ElasticNet / current,CV OOF,2,778.9032861779843,59.90328617798434,8.331472347424803
b1c30,1,6C(50%)-3.6C,709.0,ElasticNet / current,CV OOF,2,748.7759122465295,39.775912246529515,5.610142771019678
b1c31,1,6C(50%)-3.6C,876.0,ElasticNet / current,CV OOF,2,843.4214802956292,-32.57851970437082,3.7190090986724678
b1c42,1,8C(25%)-3.6C,702.0,ElasticNet / current,CV OOF,2,743.1978861850281,41.197886185028096,5.868644755702007
b1c43,1,8C(25%)-3.6C,651.0,ElasticNet / current,CV OOF,2,686.8405903074038,35.84059030740377,5.50546702110657
b1c16,1,5.4C(60%)-3.6C,862.0,ElasticNet / current,CV OOF,3,931.8421329901771,69.8421329901771,8.102335613709641
b1c17,1,5.4C(60%)-3.6C,857.0,ElasticNet / current,CV OOF,3,800.9231082182881,-56.07689178171188,6.543394606967547
b1c24,1,6C(40%)-3C,1017.0,ElasticNet / current,CV OOF,3,864.7000726888774,-152.2999273111226,14.975410748389635
b1c25,1,6C(40%)-3C,854.0,ElasticNet / current,CV OOF,3,908.9668356922826,54.96683569228264,6.4363976220471475
b1c36,1,7C(40%)-3C,704.0,ElasticNet / current,CV OOF,3,729.3936890501477,25.393689050147714,3.607058103714164
b1c37,1,7C(40%)-3C,648.0,ElasticNet / current,CV OOF,3,714.3412825833049,66.34128258330486,10.23785225051001
b1c11,1,5.4C(50%)-3C,788.0,ElasticNet / current,CV OOF,4,841.3357538759166,53.335753875916566,6.768496684760985
b1c26,1,6C(40%)-3.6C,870.0,ElasticNet / current,CV OOF,4,857.5416253873628,-12.458374612637158,1.4319970819123171
b1c27,1,6C(40%)-3.6C,842.0,ElasticNet / current,CV OOF,4,825.7350105078989,-16.26498949210111,1.9317089658077327
b1c34,1,7C(30%)-3.6C,742.0,ElasticNet / current,CV OOF,4,809.2767709108323,67.27677091083228,9.066950257524567
b1c35,1,7C(30%)-3.6C,703.0,ElasticNet / current,CV OOF,4,736.3199729520442,33.31997295204417,4.739683207972143
b1c9,1,5.4C(40%)-3.6C,1054.0,ElasticNet / current,CV OOF,5,933.2212244972951,-120.77877550270489,11.459086859839173
b1c20,1,5.4C(80%)-5.4C,534.0,ElasticNet / current,CV OOF,5,605.189353720811,71.18935372081103,13.331339648091953
b1c21,1,5.4C(80%)-5.4C,559.0,ElasticNet / current,CV OOF,5,590.9857881631024,31.98578816310237,5.721965682129225
b1c32,1,6C(60%)-3C,731.0,ElasticNet / current,CV OOF,5,690.0147445266718,-40.98525547332815,5.606738094846532
b1c33,1,6C(60%)-3C,757.0,ElasticNet / current,CV OOF,5,797.6559932245478,40.65599322454784,5.370672816981221
b1c18,1,5.4C(70%)-3C,691.0,SVR / variance,CV OOF,1,692.8852063231157,1.8852063231156535,0.27282291217303234
b1c19,1,5.4C(70%)-3C,788.0,SVR / variance,CV OOF,1,675.2486641621169,-112.75133583788306,14.308545157091759
b1c28,1,6C(50%)-3C,860.0,SVR / variance,CV OOF,1,799.0698053974997,-60.93019460250025,7.0849063491279365
b1c29,1,6C(50%)-3C,917.0,SVR / variance,CV OOF,1,796.2336180526232,-120.76638194737677,13.169725403203575
b1c44,1,8C(35%)-3.6C,616.0,SVR / variance,CV OOF,1,577.5406879445784,-38.459312055421606,6.243394814191819
b1c45,1,8C(35%)-3.6C,599.0,SVR / variance,CV OOF,1,579.2672030853116,-19.73279691468838,3.2942899690631684
b1c14,1,5.4C(60%)-3C,880.0,SVR / variance,CV OOF,2,884.5013547603497,4.501354760349727,0.5115175864033781
b1c15,1,5.4C(60%)-3C,719.0,SVR / variance,CV OOF,2,892.5808371738771,173.58083717387706,24.141980135448822
b1c30,1,6C(50%)-3.6C,709.0,SVR / variance,CV OOF,2,793.4573953354244,84.4573953354244,11.912185519805979
b1c31,1,6C(50%)-3.6C,876.0,SVR / variance,CV OOF,2,816.8463718763452,-59.15362812365481,6.752697274389819
b1c42,1,8C(25%)-3.6C,702.0,SVR / variance,CV OOF,2,735.0199203748369,33.01992037483694,4.703692361087883
b1c43,1,8C(25%)-3.6C,651.0,SVR / variance,CV OOF,2,736.4455718558446,85.4455718558446,13.12527985496845
b1c16,1,5.4C(60%)-3.6C,862.0,SVR / variance,CV OOF,3,883.9898036110933,21.989803611093294,2.5510213005908695
b1c17,1,5.4C(60%)-3.6C,857.0,SVR / variance,CV OOF,3,863.5050333871142,6.5050333871141675,0.7590470696749321
b1c24,1,6C(40%)-3C,1017.0,SVR / variance,CV OOF,3,854.3934238373573,-162.60657616264268,15.988847213632516
b1c25,1,6C(40%)-3C,854.0,SVR / variance,CV OOF,3,876.0663765417771,22.066376541777117,2.583884840957508
b1c36,1,7C(40%)-3C,704.0,SVR / variance,CV OOF,3,731.526479525304,27.526479525304012,3.9100112962079563
b1c37,1,7C(40%)-3C,648.0,SVR / variance,CV OOF,3,733.8606598036052,85.86065980360524,13.25010182154402
b1c11,1,5.4C(50%)-3C,788.0,SVR / variance,CV OOF,4,899.0428517926393,111.04285179263934,14.091732460994841
b1c26,1,6C(40%)-3.6C,870.0,SVR / variance,CV OOF,4,805.2807401856146,-64.7192598143854,7.4389953809638385
b1c27,1,6C(40%)-3.6C,842.0,SVR / variance,CV OOF,4,838.277526327832,-3.7224736721680074,0.44209901094631915
b1c34,1,7C(30%)-3.6C,742.0,SVR / variance,CV OOF,4,835.6038626657217,93.60386266572175,12.615075830959805
b1c35,1,7C(30%)-3.6C,703.0,SVR / variance,CV OOF,4,791.4128881184671,88.4128881184671,12.57651324587014
b1c9,1,5.4C(40%)-3.6C,1054.0,SVR / variance,CV OOF,5,825.649351007172,-228.35064899282804,21.665146963266416
b1c20,1,5.4C(80%)-5.4C,534.0,SVR / variance,CV OOF,5,588.0515530129367,54.051553012936665,10.122013672834582
b1c21,1,5.4C(80%)-5.4C,559.0,SVR / variance,CV OOF,5,584.0499381364409,25.049938136440915,4.481205391134332
b1c32,1,6C(60%)-3C,731.0,SVR / variance,CV OOF,5,717.2573208361573,-13.742679163842695,1.8799834697459228
b1c33,1,6C(60%)-3C,757.0,SVR / variance,CV OOF,5,729.656087971842,-27.343912028158,3.6121416153445183
b1c18,1,5.4C(70%)-3C,691.0,SVR / discharge,CV OOF,1,646.9061356031656,-44.09386439683442,6.381167061770538
b1c19,1,5.4C(70%)-3C,788.0,SVR / discharge,CV OOF,1,710.6207198182744,-77.37928018172556,9.819705606817966
b1c28,1,6C(50%)-3C,860.0,SVR / discharge,CV OOF,1,800.9903503678103,-59.009649632189735,6.861587166533691
b1c29,1,6C(50%)-3C,917.0,SVR / discharge,CV OOF,1,813.3999225490996,-103.60007745090036,11.297718369781936
b1c44,1,8C(35%)-3.6C,616.0,SVR / discharge,CV OOF,1,650.9275569744377,34.92755697443772,5.670057950395734
b1c45,1,8C(35%)-3.6C,599.0,SVR / discharge,CV OOF,1,660.761300877336,61.761300877336,10.31073470406277
b1c14,1,5.4C(60%)-3C,880.0,SVR / discharge,CV OOF,2,846.3515735113996,-33.64842648860042,3.8236848282500477
b1c15,1,5.4C(60%)-3C,719.0,SVR / discharge,CV OOF,2,763.4446703698966,44.444670369896585,6.181456240597578
b1c30,1,6C(50%)-3.6C,709.0,SVR / discharge,CV OOF,2,748.8286485165717,39.82864851657166,5.617580890912787
b1c31,1,6C(50%)-3.6C,876.0,SVR / discharge,CV OOF,2,814.2125255455871,-61.78747445441286,7.05336466374576
b1c42,1,8C(25%)-3.6C,702.0,SVR / discharge,CV OOF,2,737.710953687502,35.710953687501956,5.087030439815093
b1c43,1,8C(25%)-3.6C,651.0,SVR / discharge,CV OOF,2,652.5186839404902,1.5186839404901775,0.23328478348543433
b1c16,1,5.4C(60%)-3.6C,862.0,SVR / discharge,CV OOF,3,899.0143210180067,37.01432101800674,4.294004758469459
b1c17,1,5.4C(60%)-3.6C,857.0,SVR / discharge,CV OOF,3,830.8024782266075,-26.19752177339251,3.0568870213993593
b1c24,1,6C(40%)-3C,1017.0,SVR / discharge,CV OOF,3,836.9332909647143,-180.06670903528573,17.70567443808119
b1c25,1,6C(40%)-3C,854.0,SVR / discharge,CV OOF,3,868.8666596969263,14.866659696926263,1.7408266624035436
b1c36,1,7C(40%)-3C,704.0,SVR / discharge,CV OOF,3,731.8246189607707,27.82461896077075,3.952360647836754
b1c37,1,7C(40%)-3C,648.0,SVR / discharge,CV OOF,3,689.6473088116744,41.64730881167441,6.427053828962101
b1c11,1,5.4C(50%)-3C,788.0,SVR / discharge,CV OOF,4,719.2536919337059,-68.74630806629409,8.724150769834276
b1c26,1,6C(40%)-3.6C,870.0,SVR / discharge,CV OOF,4,850.9595682106199,-19.040431789380136,2.1885553780896707
b1c27,1,6C(40%)-3.6C,842.0,SVR / discharge,CV OOF,4,836.1941427743855,-5.805857225614545,0.6895317370088534
b1c34,1,7C(30%)-3.6C,742.0,SVR / discharge,CV OOF,4,849.3214471997834,107.32144719978339,14.46380690024035
b1c35,1,7C(30%)-3.6C,703.0,SVR / discharge,CV OOF,4,766.760729500598,63.76072950059802,9.069805049871695
b1c9,1,5.4C(40%)-3.6C,1054.0,SVR / discharge,CV OOF,5,894.4892821404218,-159.51071785957822,15.13384419920097
b1c20,1,5.4C(80%)-5.4C,534.0,SVR / discharge,CV OOF,5,734.0444136682905,200.04441366829053,37.4615006869458
b1c21,1,5.4C(80%)-5.4C,559.0,SVR / discharge,CV OOF,5,702.5331381159008,143.53313811590078,25.67676889372107
b1c32,1,6C(60%)-3C,731.0,SVR / discharge,CV OOF,5,688.0951720002612,-42.904827999738814,5.869333515696144
b1c33,1,6C(60%)-3C,757.0,SVR / discharge,CV OOF,5,803.852665642423,46.85266564242295,6.189255699131168
b1c18,1,5.4C(70%)-3C,691.0,SVR / state,CV OOF,1,709.5335937020794,18.53359370207943,2.682140912023072
b1c19,1,5.4C(70%)-3C,788.0,SVR / state,CV OOF,1,703.3072494703324,-84.69275052966759,10.747810980922283
b1c28,1,6C(50%)-3C,860.0,SVR / state,CV OOF,1,812.0498280617113,-47.95017193828869,5.575601388173104
b1c29,1,6C(50%)-3C,917.0,SVR / state,CV OOF,1,825.4838645500037,-91.51613544999634,9.979949340239514
b1c44,1,8C(35%)-3.6C,616.0,SVR / state,CV OOF,1,682.7968459256105,66.79684592561046,10.843643819092605
b1c45,1,8C(35%)-3.6C,599.0,SVR / state,CV OOF,1,668.5068099017714,69.50680990177136,11.60380799695682
b1c14,1,5.4C(60%)-3C,880.0,SVR / state,CV OOF,2,777.5295365154884,-102.47046348451158,11.64437085051268
b1c15,1,5.4C(60%)-3C,719.0,SVR / state,CV OOF,2,756.2582585777249,37.25825857772486,5.181955295928353
b1c30,1,6C(50%)-3.6C,709.0,SVR / state,CV OOF,2,812.1000981767686,103.1000981767686,14.541621745665527
b1c31,1,6C(50%)-3.6C,876.0,SVR / state,CV OOF,2,723.4044296250647,-152.59557037493528,17.419585659239186
b1c42,1,8C(25%)-3.6C,702.0,SVR / state,CV OOF,2,737.524186395299,35.52418639529901,5.060425412435757
b1c43,1,8C(25%)-3.6C,651.0,SVR / state,CV OOF,2,682.1193707759904,31.119370775990433,4.7802412866344755
b1c16,1,5.4C(60%)-3.6C,862.0,SVR / state,CV OOF,3,912.0117084553156,50.011708455315556,5.801822326602733
b1c17,1,5.4C(60%)-3.6C,857.0,SVR / state,CV OOF,3,848.2958840655638,-8.704115934436231,1.015649467262104
b1c24,1,6C(40%)-3C,1017.0,SVR / state,CV OOF,3,834.7923452369356,-182.2076547630644,17.91619024218922
b1c25,1,6C(40%)-3C,854.0,SVR / state,CV OOF,3,836.7507594650353,-17.249240534964656,2.019817392853004
b1c36,1,7C(40%)-3C,704.0,SVR / state,CV OOF,3,752.5593308081272,48.55933080812724,6.897632217063529
b1c37,1,7C(40%)-3C,648.0,SVR / state,CV OOF,3,718.5238658391779,70.52386583917792,10.883312629502765
b1c11,1,5.4C(50%)-3C,788.0,SVR / state,CV OOF,4,765.0819849554009,-22.918015044599088,2.9083775437308486
b1c26,1,6C(40%)-3.6C,870.0,SVR / state,CV OOF,4,882.6339546002478,12.633954600247762,1.4521786896836508
b1c27,1,6C(40%)-3.6C,842.0,SVR / state,CV OOF,4,793.9007621143595,-48.09923788564049,5.712498561239963
b1c34,1,7C(30%)-3.6C,742.0,SVR / state,CV OOF,4,937.539202461978,195.539202461978,26.352992245549594
b1c35,1,7C(30%)-3.6C,703.0,SVR / state,CV OOF,4,795.0001105961657,92.00011059616565,13.086786713537077
b1c9,1,5.4C(40%)-3.6C,1054.0,SVR / state,CV OOF,5,874.9822189809371,-179.0177810190629,16.984609204844677
b1c20,1,5.4C(80%)-5.4C,534.0,SVR / state,CV OOF,5,749.1329152447762,215.1329152447762,40.28706277992064
b1c21,1,5.4C(80%)-5.4C,559.0,SVR / state,CV OOF,5,744.0472254537484,185.0472254537484,33.10326036739685
b1c32,1,6C(60%)-3C,731.0,SVR / state,CV OOF,5,703.0663373361417,-27.933662663858286,3.821294482059957
b1c33,1,6C(60%)-3C,757.0,SVR / state,CV OOF,5,773.9626033831685,16.96260338316847,2.2407666292164428
b1c18,1,5.4C(70%)-3C,691.0,RandomForest / discharge,CV OOF,1,712.2705801136817,21.270580113681717,3.078231564932231
b1c19,1,5.4C(70%)-3C,788.0,RandomForest / discharge,CV OOF,1,639.6960848778803,-148.30391512211975,18.820293797223318
b1c28,1,6C(50%)-3C,860.0,RandomForest / discharge,CV OOF,1,810.0135425334536,-49.986457466546426,5.812378775179817
b1c29,1,6C(50%)-3C,917.0,RandomForest / discharge,CV OOF,1,818.4046507558494,-98.59534924415061,10.751946482459172
b1c44,1,8C(35%)-3.6C,616.0,RandomForest / discharge,CV OOF,1,611.9715375275857,-4.028462472414276,0.6539711805867331
b1c45,1,8C(35%)-3.6C,599.0,RandomForest / discharge,CV OOF,1,605.3400370982616,6.340037098261632,1.058436911228987
b1c14,1,5.4C(60%)-3C,880.0,RandomForest / discharge,CV OOF,2,879.9999497881104,-5.021188962928136e-05,5.705896548781973e-06
b1c15,1,5.4C(60%)-3C,719.0,RandomForest / discharge,CV OOF,2,887.5957875945496,168.59578759454962,23.448649178657806
b1c30,1,6C(50%)-3.6C,709.0,RandomForest / discharge,CV OOF,2,725.3719722857883,16.371972285788274,2.3091639331154123
b1c31,1,6C(50%)-3.6C,876.0,RandomForest / discharge,CV OOF,2,752.427877530738,-123.57212246926201,14.10640667457329
b1c42,1,8C(25%)-3.6C,702.0,RandomForest / discharge,CV OOF,2,718.8568675454633,16.856867545463274,2.4012631831144264
b1c43,1,8C(25%)-3.6C,651.0,RandomForest / discharge,CV OOF,2,695.4841807689106,44.48418076891062,6.83320749138412
b1c16,1,5.4C(60%)-3.6C,862.0,RandomForest / discharge,CV OOF,3,894.810752013037,32.81075201303702,3.806351741651626
b1c17,1,5.4C(60%)-3.6C,857.0,RandomForest / discharge,CV OOF,3,827.9410241725974,-29.058975827402605,3.390778976359697
b1c24,1,6C(40%)-3C,1017.0,RandomForest / discharge,CV OOF,3,812.5870271011931,-204.41297289880686,20.09960402151493
b1c25,1,6C(40%)-3C,854.0,RandomForest / discharge,CV OOF,3,828.632659670448,-25.367340329552007,2.970414558495551
b1c36,1,7C(40%)-3C,704.0,RandomForest / discharge,CV OOF,3,718.6487825725729,14.64878257257294,2.0807929790586566
b1c37,1,7C(40%)-3C,648.0,RandomForest / discharge,CV OOF,3,698.6007756387501,50.600775638750065,7.808761672646615
b1c11,1,5.4C(50%)-3C,788.0,RandomForest / discharge,CV OOF,4,863.7310872726767,75.73108727267675,9.610544070136642
b1c26,1,6C(40%)-3.6C,870.0,RandomForest / discharge,CV OOF,4,870.9139150238127,0.9139150238127058,0.1050477038865179
b1c27,1,6C(40%)-3.6C,842.0,RandomForest / discharge,CV OOF,4,858.3408444887428,16.340844488742846,1.9407178727723096
b1c34,1,7C(30%)-3.6C,742.0,RandomForest / discharge,CV OOF,4,894.2422030881909,152.24220308819088,20.517817127788526
b1c35,1,7C(30%)-3.6C,703.0,RandomForest / discharge,CV OOF,4,831.8897522411872,128.88975224118724,18.334246406996762
b1c9,1,5.4C(40%)-3.6C,1054.0,RandomForest / discharge,CV OOF,5,854.8212763894339,-199.17872361056607,18.897412107264334
b1c20,1,5.4C(80%)-5.4C,534.0,RandomForest / discharge,CV OOF,5,675.1055806326315,141.10558063263147,26.42426603607331
b1c21,1,5.4C(80%)-5.4C,559.0,RandomForest / discharge,CV OOF,5,676.7260749847023,117.72607498470234,21.06012074860507
b1c32,1,6C(60%)-3C,731.0,RandomForest / discharge,CV OOF,5,679.0355243796938,-51.96447562030619,7.108683395390723
b1c33,1,6C(60%)-3C,757.0,RandomForest / discharge,CV OOF,5,715.7080777952667,-41.29192220473328,5.4546792872831285
b1c18,1,5.4C(70%)-3C,691.0,RandomForest / state,CV OOF,1,719.9482522158487,28.948252215848697,4.1893273829014035
b1c19,1,5.4C(70%)-3C,788.0,RandomForest / state,CV OOF,1,656.7787671551736,-131.22123284482643,16.652440716348533
b1c28,1,6C(50%)-3C,860.0,RandomForest / state,CV OOF,1,821.9153311108083,-38.084668889191676,4.428449870836241
b1c29,1,6C(50%)-3C,917.0,RandomForest / state,CV OOF,1,837.3459656447211,-79.6540343552789,8.68637233972507
b1c44,1,8C(35%)-3.6C,616.0,RandomForest / state,CV OOF,1,635.8618646368343,19.861864636834298,3.2243286748107627
b1c45,1,8C(35%)-3.6C,599.0,RandomForest / state,CV OOF,1,632.392456213054,33.39245621305395,5.574700536402996
b1c14,1,5.4C(60%)-3C,880.0,RandomForest / state,CV OOF,2,882.1562532437822,2.156253243782203,0.24502877770252304
b1c15,1,5.4C(60%)-3C,719.0,RandomForest / state,CV OOF,2,873.4241315429775,154.42413154297753,21.477626083863356
b1c30,1,6C(50%)-3.6C,709.0,RandomForest / state,CV OOF,2,704.6101155765117,-4.389884423488297,0.619165645061819
b1c31,1,6C(50%)-3.6C,876.0,RandomForest / state,CV OOF,2,726.2563904278853,-149.74360957211468,17.09401935754734
b1c42,1,8C(25%)-3.6C,702.0,RandomForest / state,CV OOF,2,693.1892936126982,-8.81070638730182,1.2550863799575243
b1c43,1,8C(25%)-3.6C,651.0,RandomForest / state,CV OOF,2,669.0671097989637,18.067109798963656,2.7752856834045554
b1c16,1,5.4C(60%)-3.6C,862.0,RandomForest / state,CV OOF,3,845.6004094598701,-16.399590540129907,1.9025047030313118
b1c17,1,5.4C(60%)-3.6C,857.0,RandomForest / state,CV OOF,3,833.9174975046091,-23.08250249539094,2.6934075257165624
b1c24,1,6C(40%)-3C,1017.0,RandomForest / state,CV OOF,3,835.0283431812977,-181.9716568187023,17.892984937925494
b1c25,1,6C(40%)-3C,854.0,RandomForest / state,CV OOF,3,836.2076829973104,-17.79231700268963,2.0834094850924623
b1c36,1,7C(40%)-3C,704.0,RandomForest / state,CV OOF,3,718.6832592201547,14.683259220154696,2.08569023013561
b1c37,1,7C(40%)-3C,648.0,RandomForest / state,CV OOF,3,691.402515856303,43.40251585630301,6.697919113627009
b1c11,1,5.4C(50%)-3C,788.0,RandomForest / state,CV OOF,4,884.1142545893387,96.11425458933866,12.197240430119118
b1c26,1,6C(40%)-3.6C,870.0,RandomForest / state,CV OOF,4,860.8235878409068,-9.17641215909316,1.0547600182865702
b1c27,1,6C(40%)-3.6C,842.0,RandomForest / state,CV OOF,4,858.0759699494374,16.07596994943742,1.9092600890068196
b1c34,1,7C(30%)-3.6C,742.0,RandomForest / state,CV OOF,4,886.9785475498379,144.9785475498379,19.538887809951202
b1c35,1,7C(30%)-3.6C,703.0,RandomForest / state,CV OOF,4,845.5567562364566,142.55675623645664,20.278343703621143
b1c9,1,5.4C(40%)-3.6C,1054.0,RandomForest / state,CV OOF,5,814.504155256053,-239.49584474394703,22.722565914985484
b1c20,1,5.4C(80%)-5.4C,534.0,RandomForest / state,CV OOF,5,706.7710212117395,172.77102121173948,32.35412382242313
b1c21,1,5.4C(80%)-5.4C,559.0,RandomForest / state,CV OOF,5,709.7423649817414,150.7423649817414,26.96643380710937
b1c32,1,6C(60%)-3C,731.0,RandomForest / state,CV OOF,5,697.5138794980452,-33.486120501954815,4.580864637750317
b1c33,1,6C(60%)-3C,757.0,RandomForest / state,CV OOF,5,765.4278757296388,8.4278757296388,1.113325723862457
b1c18,1,5.4C(70%)-3C,691.0,RandomForest / policy,CV OOF,1,688.9579269224187,-2.0420730775813354,0.2955243238178488
b1c19,1,5.4C(70%)-3C,788.0,RandomForest / policy,CV OOF,1,650.1087663989083,-137.8912336010917,17.498887512828897
b1c28,1,6C(50%)-3C,860.0,RandomForest / policy,CV OOF,1,818.2364843025298,-41.76351569747021,4.856222755519792
b1c29,1,6C(50%)-3C,917.0,RandomForest / policy,CV OOF,1,827.5412533324026,-89.45874666759744,9.755588513369405
b1c44,1,8C(35%)-3.6C,616.0,RandomForest / policy,CV OOF,1,646.0981167105738,30.098116710573777,4.886057907560678
b1c45,1,8C(35%)-3.6C,599.0,RandomForest / policy,CV OOF,1,644.997698007348,45.99769800734805,7.67908147034191
b1c14,1,5.4C(60%)-3C,880.0,RandomForest / policy,CV OOF,2,882.3265983715004,2.3265983715003813,0.2643861785795888
b1c15,1,5.4C(60%)-3C,719.0,RandomForest / policy,CV OOF,2,873.5927904905207,154.59279049052066,21.501083517457673
b1c30,1,6C(50%)-3.6C,709.0,RandomForest / policy,CV OOF,2,698.9470227222408,-10.052977277759169,1.417909348061942
b1c31,1,6C(50%)-3.6C,876.0,RandomForest / policy,CV OOF,2,720.153552650299,-155.84644734970095,17.790690336723852
b1c42,1,8C(25%)-3.6C,702.0,RandomForest / policy,CV OOF,2,688.8991351075375,-13.100864892462482,1.8662200701513507
b1c43,1,8C(25%)-3.6C,651.0,RandomForest / policy,CV OOF,2,664.3441402780437,13.34414027804371,2.049791133340048
b1c16,1,5.4C(60%)-3.6C,862.0,RandomForest / policy,CV OOF,3,843.2112383001661,-18.788761699833913,2.179670730839201
b1c17,1,5.4C(60%)-3.6C,857.0,RandomForest / policy,CV OOF,3,834.6584922002012,-22.34150779979882,2.606943733932184
b1c24,1,6C(40%)-3C,1017.0,RandomForest / policy,CV OOF,3,836.7036781791511,-180.2963218208489,17.728251899788486
b1c25,1,6C(40%)-3C,854.0,RandomForest / policy,CV OOF,3,837.1627931051038,-16.837206894896212,1.9715698940159498
b1c36,1,7C(40%)-3C,704.0,RandomForest / policy,CV OOF,3,723.3982194329091,19.39821943290906,2.7554288967200367
b1c37,1,7C(40%)-3C,648.0,RandomForest / policy,CV OOF,3,694.172860782247,46.17286078224697,7.125441478741816
b1c11,1,5.4C(50%)-3C,788.0,RandomForest / policy,CV OOF,4,885.1791174484214,97.17911744842138,12.332375310713374
b1c26,1,6C(40%)-3.6C,870.0,RandomForest / policy,CV OOF,4,864.8332648508888,-5.166735149111219,0.5938776033461171
b1c27,1,6C(40%)-3.6C,842.0,RandomForest / policy,CV OOF,4,862.1717202524835,20.17172025248351,2.39569124138759
b1c34,1,7C(30%)-3.6C,742.0,RandomForest / policy,CV OOF,4,887.2711612968379,145.27116129683793,19.578323624910773
b1c35,1,7C(30%)-3.6C,703.0,RandomForest / policy,CV OOF,4,852.1034672033858,149.10346720338578,21.209597041733396
b1c9,1,5.4C(40%)-3.6C,1054.0,RandomForest / policy,CV OOF,5,823.5378510197999,-230.46214898020014,21.86547903037952
b1c20,1,5.4C(80%)-5.4C,534.0,RandomForest / policy,CV OOF,5,712.7832734818576,178.78327348185758,33.48001376064749
b1c21,1,5.4C(80%)-5.4C,559.0,RandomForest / policy,CV OOF,5,716.8344202999754,157.83442029997536,28.23513779963781
b1c32,1,6C(60%)-3C,731.0,RandomForest / policy,CV OOF,5,714.3103555374304,-16.689644462569618,2.283125097478744
b1c33,1,6C(60%)-3C,757.0,RandomForest / policy,CV OOF,5,778.8309131474914,21.8309131474914,2.883872278400449
