cell_id,q10_first,q100_first,delta_q_offset,finite
b1c5,-0.0004609303439088852,-0.00022381907798727025,-0.010102738293367941,True
b1c6,-0.00043941619154551294,-0.000377381909701128,-0.012461629147745179,True
b1c7,-0.00016001126490713483,-0.000394396383521375,-0.013783253209558977,True
b1c9,-0.00019004504784916703,-0.00022766598905474609,-0.00887282662576653,True
b1c11,-0.000148951971919329,-0.00015247964281769766,-0.004951026101698175,True
b1c14,-0.0001953365105521599,-0.00022068151237706013,-0.010108650416770337,True
b1c15,-0.00020653342064602337,-0.0003952324962318896,-0.00790923511665731,True
b1c16,-0.0002721553909034634,-0.00044501864221264774,-0.01168155611979893,True
b1c17,-0.0003613167797753697,-0.0004052616652907758,-0.011524258032984624,True
b1c18,-0.00016369098620854132,-0.0002014812803325341,-0.02030333074691726,True
b1c19,-0.00020454323084257927,-0.00020605359855909794,-0.017620875001793122,True
b1c20,-0.00013454617845798516,-0.00013092164153226447,-0.0338596718508174,True
b1c21,-0.0001634518180147377,-0.00020327434830849335,-0.02886428022841392,True
b1c23,-0.00020030077924951273,-0.00035169767242470185,-0.011989735697176207,True
b1c24,-0.00022003873585693217,-0.0004181909191990225,-0.011237934468067756,True
b1c25,-0.00028835118703667386,-0.0004352383000265318,-0.009952772265307108,True
b1c26,-0.00015876440782846676,-0.00037324644669216176,-0.01630143601026146,True
b1c27,-0.000333391761727384,-0.00014979520806149822,-0.013049511469963249,True
b1c28,-0.00017594714119085133,-0.0001843275257049323,-0.015167585995050303,True
b1c29,-0.0003150562782484145,-0.00016882985626248456,-0.015033465636044574,True
b1c30,-0.00013486171063449936,-0.00020019336430592,-0.015002058672548113,True
b1c31,-0.0004715202664377756,-0.00022526876220820707,-0.01647627433646459,True
b1c32,-0.00033207234488404666,-0.00042435257167422593,-0.01895828040430847,True
b1c33,-0.0003226304033767504,-0.00037989544749580115,-0.02212088970822723,True
b1c34,-0.00047281888436278966,-0.0003344761409216685,-0.01642699939084724,True
b1c35,-0.00021251729400868557,-0.0002561103542835614,-0.0167892696460491,True
b1c36,-0.00017532050616957622,-0.00018884435995607937,-0.020427224019466728,True
b1c37,-0.00018382275834486755,-0.00045542998294741403,-0.017318058838014294,True
b1c38,-0.00030346555711191806,-0.00021504875045883344,-0.026462904419278455,True
b1c39,-0.0003003861565146035,-0.0003799639542604588,-0.02255567624776189,True
b1c40,-0.00043462008117268493,-0.0004576851333850659,-0.01051226041309472,True
b1c41,-0.0002299151513063768,-0.00020812021806703172,-0.010647209402863123,True
b1c42,-0.0001632945696859247,-0.000561775974572597,-0.019250455730497884,True
b1c43,-0.00016575414914142488,-0.00021246185793992757,-0.01728616186447074,True
b1c44,-0.0003013478771927941,-0.0005959551974710003,-0.030558612264891982,True
b1c45,-0.0004169446010503803,-0.00031122738034092024,-0.030243720233104288,True
b2c0,-0.00016851736067970623,-0.0002637309047526514,-0.02685816826886811,True
b2c1,-0.0003245143516463718,-0.0002534287955300142,-0.038414298398802504,True
b2c2,-9.895096536500069e-05,-0.00019243799682468126,-0.02347032509443725,True
b2c3,-0.000113941853443256,-0.0001499815947610057,-0.015045162476646445,True
b2c4,-0.00020916103413485033,-0.00014120922662796924,-0.03449277773286674,True
b2c5,-0.00018838116859388795,-0.00015917474569236223,-0.04959438527045934,True
b2c6,-0.0001518791575543106,-0.00011657592477069804,-0.017087228227464224,True
b2c7,-0.00025969900095079083,-0.00010579633313370477,-0.006921022453145076,True
b2c8,-0.00018758670823989206,-0.00019884042984265186,-0.009203144240759742,True
b2c9,-0.00016614133038400257,-0.0001088354881980762,-0.0073280973955097695,True
b2c10,-0.00014159337421226282,-0.00017904826782711304,-0.031940683838408424,True
b2c11,-0.00012925349680664545,-0.00020007272230501206,-0.02289650388175235,True
b2c12,-0.00027032048037656855,-0.00024472082650108147,-0.04053774490533013,True
b2c13,-0.00010721984436890946,-0.0001050229392957934,-0.037810312311118865,True
b2c14,-8.945441267420738e-05,-0.0002850574162187147,-0.04708608030953032,True
b2c15,-0.00012455200772919364,-0.00023241054987332372,-0.023640629683220227,True
b2c16,-0.00020271857697822657,-0.00041213444294332805,-0.027318786205295376,True
b2c17,-0.00011620851130062106,-0.0002021657268278567,-0.02244718451071459,True
b2c18,-0.0003901713054829053,-0.0002741084199833042,-0.01489137779478289,True
b2c19,-0.00016121565541422016,-0.0001713606647362284,-0.03596922649653078,True
b2c20,-9.650192638380563e-05,-0.00029895847246118063,-0.021029999500227214,True
b2c21,-0.0002042541365979764,-0.00038629456714009457,-0.0353316332089848,True
b2c24,-0.000212182022995742,-0.00014795862333160628,-0.023487507980286648,True
b2c25,-0.00010965301828467152,-0.0001549936373888731,-0.02314056543285481,True
b2c26,-0.0001586948125747706,-0.00017666577315818808,-0.04030803170869013,True
b2c27,-0.0003006086918740826,-0.00034843733266872574,-0.023266407021699465,True
b2c28,-0.00012329513716932293,-0.000140020283362489,-0.02883211714760725,True
b2c29,-0.00012940769436252882,-0.00020497344901511586,-0.02640518349850496,True
b2c30,-0.00010199061726897128,-8.905071316926756e-05,-0.04227995311535093,True
b2c31,-0.00021580699359064298,2.337578176306524e-05,-0.031666464139406436,True
b2c32,-7.970688831246788e-05,-0.0001814730562391808,-0.013830786128284922,True
b2c33,-6.865682707648196e-05,-0.00024859998605066653,-0.012477186868230239,True
b2c34,-7.032843859468057e-05,-4.968859932841344e-05,-0.007617838838458457,True
b2c41,-0.00022103719934881878,-0.00028315338598844224,-0.03757262826171648,True
b2c42,-0.00013358958361640313,-0.00016809791967546277,-0.03217719028277344,True
b2c43,-0.00012064590543093423,-7.786747073144955e-05,-0.009261300144385864,True
b2c44,-0.0001254951475651274,-0.00023153617556067203,-0.007813718508928869,True
b2c45,-4.800897845648252e-05,-4.204836896544022e-05,-0.009565811397816426,True
b2c46,-0.0004807199396779713,-0.0015671940222256502,-0.022572841017963197,True
b3c0,-0.00014258027464572647,-0.00013896718075803667,-0.009329425610395292,True
b3c1,-0.0001118127474657552,-0.0003033301257586192,-0.008422491162794254,True
b3c3,-0.00011997228592539852,-0.0001148119162135494,-0.00845623955650543,True
b3c4,-0.00015336838990806124,-0.00022367066050833165,-0.008063284442482721,True
b3c5,-0.0003116089010965516,-0.00015948617777972104,-0.01078391682626878,True
b3c6,-0.00023331830139244514,-5.601127936026679e-05,-0.030929139240199244,True
b3c7,-0.0003167145789797739,-0.00019085045981538588,-0.005756381183797399,True
b3c8,-0.00024858788985088995,-0.0002446914258494596,-0.010666217454271099,True
b3c9,-0.0001638080407842023,-0.0003366401573053758,-0.013543478688522792,True
b3c10,-0.0001387956774346248,-0.00020842438280050193,-0.007350157259642054,True
b3c11,-0.0003324905764530671,-0.0001703515239443873,-0.014167954816120876,True
b3c12,-0.00020295489949314645,-0.00030389811883543084,-0.01528779459133811,True
b3c13,-0.00016568736139796264,-0.00030669334108353113,-0.010785077357057027,True
b3c14,-0.00019663343041144315,-0.00017425296671465278,-0.011786627065372923,True
b3c15,-0.0002012722942283511,-0.00015983496865509494,-0.012357622996527207,True
b3c16,-0.00018648516496132,-0.00012247984315018123,-0.005034257136831588,True
b3c17,-0.00028851425739494083,-0.00011842302269177447,-0.0070742692321409395,True
b3c18,-0.0001363185758611541,-0.000321193280964692,-0.009230871330896617,True
b3c19,-0.00014584326594780902,-0.00016749019870648525,-0.01076694688040658,True
b3c20,-0.00011412011418087444,-0.00014253132572905012,-0.010031781773043646,True
b3c21,-0.00017496140041946368,-0.0002163560929409744,-0.025174936442026397,True
b3c22,-0.00017900235658391248,-0.00023800278490958924,-0.014078860013848615,True
b3c24,-0.00017596636102220578,-0.0002663073950334763,-0.008880465621220746,True
b3c25,-0.00016166794624138545,-0.0003577437350829603,-0.009441883022289321,True
b3c26,-0.00015548055566871872,-0.0001657907856544217,-0.008628836626457859,True
b3c27,-0.0001917658533595806,-9.049440884558599e-05,-0.009305823738735786,True
b3c28,-7.417809062480944e-05,-7.796832527872213e-05,-0.031215939253591396,True
b3c29,-0.0003046741721961138,-0.00010736971251736229,-0.009729745638280121,True
b3c30,-0.0001452411332456188,-0.000146713375674457,-0.009074662053369709,True
b3c31,-0.00030686244713541987,-0.00022505896958205647,-0.01558455420564786,True
b3c33,-0.00012547356716951036,-0.00015629792749561163,-0.006515554795554823,True
b3c34,-0.00012550096678004292,-0.00014776850278344682,-0.008706508198039281,True
b3c35,-0.0001775458091671254,-0.00023111844665590483,-0.008527349593105304,True
b3c36,-0.0002009628874449032,-0.00014396165109299393,-0.008831818840679073,True
b3c38,-0.0003344910862340064,-0.00022312136495359844,-0.008507267800689777,True
b3c39,-0.0002309929810050718,-0.0003254010797908775,-0.005650997980697792,True
b3c40,-0.00018098657917714944,-0.00017744514292464248,-0.007930970935473791,True
b3c41,-0.0004927739635504177,-0.0004990485421763821,-0.008450345321444286,True
b3c44,-0.00027512052818011814,-0.00037464074183622844,-0.010122415331975776,True
b3c45,-0.00017688982203105283,-0.0002297482545968076,-0.0059178306010457815,True
