subset,dimension,group,n,MAPE (%),MAE (cycles),RMSE (cycles),R2,Bias (cycles),overprediction_count,predicted_life_le_100_count
CV OOF,life_range,500–1000,26,7.143558775055777,51.92848613735789,62.04662566902212,0.6555434245120647,15.944020023036447,17,0
CV OOF,life_range,>1000,2,13.98192255166903,144.02752807613183,149.39583152440136,-64.21289839844358,-144.02752807613183,0,0
CV OOF,seen_training_policy,False,28,7.63201333052815,58.5069891329846,71.89590854478443,0.6742632557159622,4.517480873095857,17,0
CV OOF,outside_training_target_range,False,25,6.6455224808312,53.177459590629134,66.75036137222872,0.5761009149748617,1.0563239172545582,15,0
CV OOF,outside_training_target_range,True,3,15.852770411336081,102.91973531928026,105.42349208527497,0.8061679795541394,33.36045550510668,2,0
Hold-out,life_range,500–1000,5,5.6733146220458295,37.3641399680572,52.76203913052838,0.8700440694142946,17.971192009653826,2,0
Hold-out,life_range,>1000,3,9.762821294203288,102.07570889906417,102.78865591285846,-16.2953019387683,-102.07570889906417,0,0
Hold-out,seen_training_policy,False,8,7.206879624104877,61.63097831718481,75.51132962937837,0.8380630077912545,-27.04639583111542,2,0
Hold-out,outside_training_target_range,False,7,7.031535061636644,57.494790738318635,73.10479110379278,0.835693804972939,-17.96955361138219,2,0
Hold-out,outside_training_target_range,True,1,8.434291561382498,90.58429136924804,90.58429136924804,,-90.58429136924804,0,0
Batch 2,life_range,500–1000,8,38.44028113344075,278.2645722297906,298.85027985825815,-2.349861307003956,278.2645722297906,8,0
Batch 2,life_range,<500,28,48.22486388893105,215.8235157495213,222.2708451745205,-47.713700073376806,215.8235157495213,28,0
Batch 2,life_range,>1000,3,12.302142951493028,134.7300276678766,140.56070785242034,-3.549347933473907,-11.813326676955702,1,0
Batch 2,seen_training_policy,False,37,42.633342292660664,221.72250855781667,235.1693639141346,-0.1254653637859673,209.84061496228972,35,0
Batch 2,seen_training_policy,True,2,58.645600991814696,234.81614259466699,235.38665783733566,-864.7324794973583,234.81614259466699,2,0
Batch 2,outside_training_target_range,False,7,32.33894401588865,272.36165900158136,297.89932042275467,-9.094800029502634,272.36165900158136,7,0
Batch 2,outside_training_target_range,True,32,45.886008084401674,211.4635465255463,219.08025223342096,-0.565139654955984,197.72510705571824,30,0
Batch 3,life_range,500–1000,21,5.523063768817506,45.620611109294245,59.07237048959064,0.6307595514499016,-10.717514049407095,8,0
Batch 3,life_range,>1000,19,18.551659533123537,262.40872205967,347.5956388408665,-0.3748434553168718,-262.40872205967,0,0
Batch 3,seen_training_policy,False,40,11.71164675686287,148.59496381072273,243.35736473050596,0.3621816299506634,-130.27083785428198,8,0
Batch 3,outside_training_target_range,False,26,6.660354712726477,59.37875066401222,80.31747164397032,0.5309224838975047,-31.187787654103374,8,0
Batch 3,outside_training_target_range,True,14,21.09261769597332,314.2822167974709,396.5195884379287,-0.6919690237652503,-314.2822167974709,0,0
