subset,charging_policy,n,MAPE (%),MAE (cycles),RMSE (cycles),R2,Bias (cycles),overprediction_count,predicted_life_le_100_count
Batch 2,3.6C(30%)-6C,2,28.280144619205355,118.74206719420948,121.40873218817315,-588.6032100615821,118.74206719420948,2,0
Batch 2,3.6C(9%)-5C,2,65.12706748555416,256.7753509197153,259.6779663791997,-29969.064987927457,256.7753509197153,2,0
Batch 2,4.65C(44%)-5C,2,33.42095032031761,162.09423142985378,164.8513673936531,-98.81992040976013,162.09423142985378,2,0
Batch 2,4.65C(69%)-6C,2,36.44690174946416,165.2519158969821,168.29121299926217,-441.5301933244224,165.2519158969821,2,0
Batch 2,4.8C(80%)-4.8C,5,52.00883543574769,251.39116877950255,252.10177545768568,-85.41806971189678,251.39116877950255,5,0
Batch 2,4.8C(80%)-4.8C-newstructure,3,29.967811107505206,250.93460999612435,259.1070692324629,-4.350561950412005,250.93460999612435,3,0
Batch 2,5.2C(50%)-4.25C,5,53.54686501049759,243.49201847044122,246.0164925561316,-171.92604174177475,243.49201847044122,5,0
Batch 2,5.2C(58%)-4C,4,53.978346409343494,256.43395808156686,260.0288512739567,-263.4439149150956,256.43395808156686,4,0
Batch 2,5.2C(58%)-4C-newstructure,3,25.06062148310772,225.18435402851506,265.42411797375706,-3.253482763469351,136.14735538529453,2,0
Batch 2,5.6C(26%)-4.5C,6,43.63841634781453,195.2512121088984,197.30986988601748,-54.07181622695341,195.2512121088984,6,0
Batch 2,5.6C(26%)-4.5C-newstructure,3,26.758617584011883,232.6632508181333,279.1215426646836,-1.9941648812274861,175.1568951165215,2,0
Batch 2,6C(60%)-3C,2,58.645600991814696,234.81614259466699,235.38665783733566,-864.7324794973583,234.81614259466699,2,0
Batch 3,3.7C(31%)-5.9C-newstructure,3,7.525553778820799,52.49223372559834,59.14901227630177,0.6076916737763963,-52.49223372559834,0,0
Batch 3,4.8C(80%)-4.8C-newstructure,4,25.50028261089515,445.81368638592244,515.6899083529439,-1.8790873651934303,-445.81368638592244,0,0
Batch 3,5.3C(54%)-4C-newstructure,8,12.10934535649979,134.9550393930295,152.53424122294376,-0.5813178002208734,-134.9550393930295,0,0
Batch 3,5.6C(19%)-4.6C-newstructure,7,10.479007735905183,101.93346094932134,114.09379273670183,0.31307518128974876,-43.99357586426527,2,0
Batch 3,5.6C(36%)-4.3C-newstructure,8,7.807497571951702,80.9035511117146,121.28666159124592,0.07786532383831979,-63.11165156792039,3,0
Batch 3,5.9C(15%)-4.6C-newstructure,2,2.674162011182396,23.352409173070782,28.518186729253504,-9.04057992993297,-23.352409173070782,0,0
Batch 3,5.9C(60%)-3.1C-newstructure,2,11.515620318504531,111.42173245793015,143.25024592947605,-0.11766631493881463,-90.03238581160008,1,0
Batch 3,5C(67%)-4C-newstructure,6,13.803452709358293,215.5193119605368,377.9473835994582,0.11630661311953705,-191.80731979066618,2,0
Hold-out,4.4C(80%)-4.4C,1,8.434291561382498,90.58429136924804,90.58429136924804,,-90.58429136924804,0,0
Hold-out,4.8C(80%)-4.8C,2,8.973390996950362,57.79258136032678,78.0281259963486,0.5552349735917852,52.425241880339115,1,0
Hold-out,6C(30%)-3.6C,1,9.552745319338309,96.86483753809046,96.86483753809046,,-96.86483753809046,0,0
Hold-out,7C(40%)-3.6C,2,4.2664165544278445,26.503761383722917,26.55302681267626,-43.06645205716902,1.6167453198887642,1,0
Hold-out,8C(15%)-3.6C,2,6.594192504680898,68.50300607102031,84.97197557486257,-2.9973628418519263,-68.50300607102031,0,0
