batch,feature,n,pearson_life,pearson_loglife,spearman_life
1,delta_q_logvar,36,-0.8265843267936158,-0.8435131306110242,-0.8262324691948716
1,delta_q_min,36,0.818192906011493,0.8365173990365715,0.8280345029335734
1,QD_2,36,0.16054410943752817,0.15658710913885576,0.16102458622258672
1,QD_slope,36,0.5078411411813974,0.5524002441990581,0.4725189896267913
1,IR_mean,36,0.22400166343886618,0.2540531506848004,0.19552066064916804
1,IR_change_100_2,36,0.1370198642503906,0.135578501890479,-0.22512550064212966
1,Tavg_mean,36,-0.1727081087650403,-0.15606695439152507,-0.11635989284190121
1,Tmax_mean,36,-0.1633037864184324,-0.15060752462455806,-0.10245848971477142
1,chargetime_mean,36,0.4897119425376296,0.4898262162425834,0.47741022406041106
1,effective_c_rate,36,-0.5798264409316723,-0.5938924863405897,-0.43486105531239155
1,delta_q_mean,36,-0.33896157144821915,-0.3633651120485926,-0.2539580404613618
1,QD_change_100_2,36,0.47276269587016934,0.5189541326947212,0.41691337711827214
1,raw_delta_q_logvar,36,-0.8531498205425461,-0.8641475141486752,-0.8541639921447526
1,charge_I_rms_c10,36,-0.7595510748851044,-0.7677543348130693,-0.6910799387922208
1,charge_I_max_c10,36,-0.2355340393419141,-0.23848271050931208,-0.2508688397664441
1,heat_proxy_c10_J,36,-0.6571114226025371,-0.6418387605222766,-0.6079289534206852
2,delta_q_logvar,39,-0.9018830736836403,-0.9184092022111524,-0.7089786451951733
2,delta_q_min,39,0.8108070225522055,0.8226806168132061,0.6476364037633808
2,QD_2,39,-0.2843299440200719,-0.2253539535133871,0.08492762468857089
2,QD_slope,39,-0.44525545809578865,-0.42029222053148835,-0.27108007022168396
2,IR_mean,33,-0.6255133874742054,-0.6135425242927721,-0.1992145072552431
2,IR_change_100_2,33,0.3298526960746093,0.3606545105273403,0.30901646301589303
2,Tavg_mean,39,0.4253120270489282,0.39330635718880613,0.16550258208082647
2,Tmax_mean,39,0.018802285438894794,-0.018717063186167372,-0.13594493439422012
2,chargetime_mean,39,0.08706750328012966,0.08449098940170705,-0.39325842898104635
2,effective_c_rate,39,0.3336386287176393,0.3496047855946858,0.32079048769847657
2,delta_q_mean,39,-0.15331004914536234,-0.17215604642899424,-0.2400040502224095
2,QD_change_100_2,39,-0.1992761181428142,-0.1658496141132348,-0.09666970390653778
2,raw_delta_q_logvar,39,-0.9114543522758183,-0.9262606705103604,-0.734284850406309
2,charge_I_rms_c10,39,-0.2070412782763858,-0.2279792949063974,-0.3815163497630794
2,charge_I_max_c10,39,-0.16056615847686237,-0.20389461134901035,-0.32837331881969484
2,heat_proxy_c10_J,33,-0.5124873968928254,-0.5196690729382002,-0.38004512541813995
3,delta_q_logvar,40,-0.7416614991152237,-0.8045590243390003,-0.7586077526583466
3,delta_q_min,40,0.7640672677862158,0.8248479813232197,0.7607655535872536
3,QD_2,40,0.23563173596471992,0.2585100132847279,0.2046158185193982
3,QD_slope,40,0.3309188099796514,0.4311893361656226,0.06642274163765884
3,IR_mean,40,0.20081813449178396,0.2513649993711982,0.21287175250825974
3,IR_change_100_2,40,-0.26590785683312573,-0.36417504734768325,-0.05685336360511477
3,Tavg_mean,40,-0.039451454565917074,-0.04216521795702997,0.017356224862947578
3,Tmax_mean,40,-0.1378064278694353,-0.15308396151914616,-0.07214560497084697
3,chargetime_mean,40,0.5976439629273909,0.5473848311917238,0.042780748851373486
3,effective_c_rate,40,-0.019752474273070683,-0.02420563325540409,-0.15654979050553955
3,delta_q_mean,40,-0.12723793246918322,-0.2131984656368414,-0.03508771945266159
3,QD_change_100_2,40,0.2719976226310629,0.37197289247604476,-0.1505769778650317
3,raw_delta_q_logvar,40,-0.7955741985172432,-0.8442380540191341,-0.7704287490514893
3,charge_I_rms_c10,40,-0.4470833775401505,-0.43052046722427506,-0.16005253846588416
3,charge_I_max_c10,40,-0.6907977436510462,-0.6789558698687862,-0.538981145068291
3,heat_proxy_c10_J,40,-0.2570366971906044,-0.20572197851549212,-0.05432029294944134
