batch,feature,n_valid,missing_count,dev_mean,dev_std,batch_mean,mean_shift_in_dev_sd,outside_dev_range_pct,selected_feature
1,IR_change_100_2,36,0,-0.00016390742857142856,0.0007661615623452325,-0.00013433530555555557,0.038597763799781686,0.0,False
2,IR_change_100_2,33,6,-0.00016390742857142856,0.0007661615623452325,-0.0003301861515151333,-0.21702827590922594,3.0303030303030303,False
3,IR_change_100_2,40,0,-0.00016390742857142856,0.0007661615623452325,-6.766554999997758e-05,0.12561564466488387,7.5,False
1,IR_mean,36,0,0.016531767111217816,0.0005674105664802519,0.016533356221875732,0.002800636350102095,0.0,False
2,IR_mean,33,6,0.016531767111217816,0.0005674105664802519,0.016428508052035464,-0.18198296838722194,12.121212121212121,False
3,IR_mean,40,0,0.016531767111217816,0.0005674105664802519,0.015344812594949447,-2.091879472092417,22.5,False
1,QD_2,36,0,1.0772772857142858,0.008749047742964798,1.0779410305555555,0.07586480960780623,0.0,True
2,QD_2,39,0,1.0772772857142858,0.008749047742964798,1.0935115871794874,1.8555506773015067,53.84615384615385,True
3,QD_2,40,0,1.0772772857142858,0.008749047742964798,1.063883265,-1.5309118326684206,12.5,True
1,QD_slope,36,0,-1.2109322509724818e-05,3.4291019201766934e-05,-1.019709424088452e-05,0.055764696219404476,0.0,True
2,QD_slope,39,0,-1.2109322509724818e-05,3.4291019201766934e-05,6.021249965906132e-06,0.5287265557477722,46.15384615384615,True
3,QD_slope,40,0,-1.2109322509724818e-05,3.4291019201766934e-05,-2.107722897340615e-05,-0.2615234738551963,7.5,True
1,Tavg_mean,36,0,32.85599420430524,0.7556110002019876,32.80217294836862,-0.07122878825510925,0.0,False
2,Tavg_mean,39,0,32.85599420430524,0.7556110002019876,32.898237988504086,0.05590678826479891,17.94871794871795,False
3,Tavg_mean,40,0,32.85599420430524,0.7556110002019876,34.11972983102633,1.672468540536434,57.5,False
1,c_rate_1,36,0,6.214285714285714,0.9090957190829942,6.222222222222222,0.008730112539209262,8.333333333333334,False
2,c_rate_1,39,0,6.214285714285714,0.9090957190829942,5.030769230769231,-1.301861243731626,71.7948717948718,False
3,c_rate_1,40,0,6.214285714285714,0.9090957190829942,5.2575,-1.052458717164376,52.5,False
1,c_rate_2,36,0,3.4499999999999993,0.62449979983984,3.572222222222221,0.19571218798399462,0.0,False
2,c_rate_2,39,0,3.4499999999999993,0.62449979983984,4.567948717948719,1.7901506425389244,10.256410256410257,False
3,c_rate_2,40,0,3.4499999999999993,0.62449979983984,4.3725000000000005,1.4771822188519301,7.5,False
1,charge_I_rms_c10,36,0,3.1596661839566136,0.13373193978769796,3.140467548842146,-0.1435605820490282,5.555555555555555,False
2,charge_I_rms_c10,39,0,3.1596661839566136,0.13373193978769796,3.2324575423341426,0.5443079528576847,15.384615384615385,False
3,charge_I_rms_c10,40,0,3.1596661839566136,0.13373193978769796,3.1759978636548936,0.12212250659196924,2.5,False
1,chargetime_mean,36,0,10.987330126262632,1.3694012190860376,11.081132919004869,0.06849913044830068,2.7777777777777777,False
2,chargetime_mean,39,0,10.987330126262632,1.3694012190860376,20.31192840628508,6.809252211887067,25.641025641025642,False
3,chargetime_mean,40,0,10.987330126262632,1.3694012190860376,10.14560338594276,-0.6146677311136437,0.0,False
1,delta_q_logvar,36,0,-3.7712135385308905,0.22062818134394974,-3.790467976033164,-0.08727097955023612,2.7777777777777777,True
2,delta_q_logvar,39,0,-3.7712135385308905,0.22062818134394974,-3.5958419615458785,0.7948738729419851,46.15384615384615,True
3,delta_q_logvar,40,0,-3.7712135385308905,0.22062818134394974,-4.14967424212541,-1.7153778873085817,50.0,True
1,delta_q_min,36,0,-0.023668759688535244,0.004305171212197404,-0.02340619826010844,0.060987453340511484,2.7777777777777777,True
2,delta_q_min,39,0,-0.023668759688535244,0.004305171212197404,-0.026796656543665105,-0.7265441258800367,33.333333333333336,True
3,delta_q_min,40,0,-0.023668759688535244,0.004305171212197404,-0.015635980002349295,1.8658444206417368,55.0,True
1,heat_proxy_c10_J,36,0,246.27312971779787,15.24081417578107,243.89203673741883,-0.1562313504328918,2.7777777777777777,False
2,heat_proxy_c10_J,33,6,246.27312971779787,15.24081417578107,245.9814166373279,-0.019140255704549677,15.151515151515152,False
3,heat_proxy_c10_J,40,0,246.27312971779787,15.24081417578107,222.63524691646634,-1.5509593207227803,22.5,False
1,switch_soc,36,0,48.92857142857143,15.35729666466598,48.611111111111114,-0.020671627591249703,5.555555555555555,False
2,switch_soc,39,0,48.92857142857143,15.35729666466598,50.1025641025641,0.07644526895764085,5.128205128205129,False
3,switch_soc,40,0,48.92857142857143,15.35729666466598,45.45,-0.22650935933111938,22.5,False
