cell_id,batch,source_file,charging_policy,cycle_life_raw,n_summary,n_cycles,last_cycle,last_QD,barcode,channel_id,cycle_life,c_rate_1,switch_soc,c_rate_2,effective_c_rate,QD_mean,QD_std,IR_mean,Tavg_mean,Tmax_mean,temperature_span,chargetime_mean,QD_slope,QD_2,QD_100,QD_change_100_2,QD_ratio_100_2,IR_change_100_2,charge_I_rms_c10,charge_I_max_c10,heat_proxy_c10_J,delta_q_logvar,delta_q_min,delta_q_mean,raw_delta_q_logvar,log_cycle_life
b1c5,1,2017-05-12_batchdata_updated_struct_errorcorrect.mat,4.4C(80%)-4.4C,1074.0,1073,1073,1073.0,0.88053626,"[3707764736, 2, 1, 1, 6, 1]","[3707764736, 2, 1, 1, 52, 1]",1074.0,4.4,80.0,4.4,4.4,1.0803274434343435,0.0010474769149627693,0.016270388575757577,30.92149771366389,33.02000678787879,3.7776199393939396,15.075768030303092,1.1228400742114224e-05,1.0761266,1.0797794,0.0036528000000000116,1.003394396161195,-0.0001118670000000016,2.9622878459439486,4.4007665454545455,215.56872485355245,-4.178443451530505,-0.015076040655969347,-0.0009711746863706495,-4.387629207538417,3.0310042813635367
b1c6,1,2017-05-12_batchdata_updated_struct_errorcorrect.mat,4.8C(80%)-4.8C,636.0,635,635,635.0,0.8800565,"[3707764736, 2, 1, 1, 7, 1]","[3707764736, 2, 1, 1, 53, 1]",636.0,4.8,80.0,4.8,4.8,1.0809117848484848,0.0011514053246823603,0.01667571006122449,32.27384521945563,35.79263145454546,6.044904222222221,10.04485760942758,-4.808646876938924e-06,1.0758358,1.0792426,0.003406800000000043,1.003166654242218,-0.0003333460000000017,3.1512392808478213,4.800375181818182,240.16194749191234,-3.768443388453706,-0.0254244101657346,-0.0035034271005296453,-3.8934975687855484,2.803457115648414
b1c7,1,2017-05-12_batchdata_updated_struct_errorcorrect.mat,4.8C(80%)-4.8C,870.0,869,869,869.0,0.88110596,"[3707764736, 2, 1, 1, 8, 1]","[3707764736, 2, 1, 1, 54, 1]",870.0,4.8,80.0,4.8,4.8,1.0969264323232324,0.0008160083405221343,0.016213918408163264,31.990084509217034,35.32269474747474,5.742631181818182,10.044094528619514,-6.42818800247794e-06,1.0938644,1.0957625,0.0018981000000000137,1.001735224219748,-3.842100000000029e-05,3.0786703218645273,4.800307545454546,234.40324304708167,-3.813051565552969,-0.02445013329751544,-0.0028624740360607592,-3.9775943689853825,2.9395192526186187
b1c9,1,2017-05-12_batchdata_updated_struct_errorcorrect.mat,5.4C(40%)-3.6C,1054.0,1053,1053,1053.0,0.8809284,"[3707764736, 2, 1, 1, 10, 1]","[3707764736, 2, 1, 1, 56, 1]",1054.0,5.4,40.0,3.6,4.32,1.0876998484848484,0.0009772024093552619,0.01683536523232323,32.64153361126789,35.98493365656566,5.708673353535354,11.241857609427619,1.8204385899806905e-05,1.0829742,1.0876312,0.004656999999999911,1.0043001947784167,-3.366599999999817e-05,2.958696630485203,5.403459727272727,228.03781331590162,-4.058949165995528,-0.019851649070463405,-0.002637773942713583,-4.183805874252766,3.022840610876528
b1c11,1,2017-05-12_batchdata_updated_struct_errorcorrect.mat,5.4C(50%)-3C,788.0,787,787,787.0,0.88054359,"[3707764736, 2, 1, 1, 12, 1]","[3707764736, 2, 1, 1, 58, 1]",788.0,5.4,50.0,3.0,4.153846153846154,1.060083885858586,0.0014342920160654257,0.01620072782653061,32.75932260623101,36.23175358585859,6.081996757575757,11.684114427609464,2.1809402597400947e-05,1.0537786,1.0599719,0.006193300000000068,1.00587723075796,-0.0003035779999999988,2.9958910396602345,5.401534999999999,217.90904992922202,-4.146462018728171,-0.018740486931924427,-0.00342717900083181,-4.195202747587858,2.8965262174895554
b1c14,1,2017-05-12_batchdata_updated_struct_errorcorrect.mat,5.4C(60%)-3C,880.0,879,879,879.0,0.8800649,"[3707764736, 2, 1, 1, 15, 1]","[3707764736, 2, 1, 1, 61, 1]",880.0,5.4,60.0,3.0,4.499999999999999,1.0761029171717171,0.0012270028331920458,0.016975001838383838,33.07746279993842,36.63094507070707,6.549914313131313,14.925935387205389,2.6234124922698223e-05,1.0709661,1.0762016,0.005235500000000171,1.0048885767719447,-6.811500000000054e-05,3.137824146421186,5.407163454545454,244.06418884678988,-4.045635328216262,-0.01818530527628026,-0.0018375678066975538,-4.204963175465027,2.9444826721501687
b1c15,1,2017-05-12_batchdata_updated_struct_errorcorrect.mat,5.4C(60%)-3C,719.0,718,718,718.0,0.88298881,"[3707764736, 2, 1, 1, 16, 1]","[3707764736, 2, 1, 1, 62, 1]",719.0,5.4,60.0,3.0,4.499999999999999,1.0676568858585858,0.00140079990792507,0.016839986434343434,33.147720104395674,37.056188636363636,7.101885414141415,14.92770846801342,2.904936054421284e-05,1.0611236,1.0677497,0.006626100000000079,1.006244418652078,-0.0002532960000000001,3.156287222286956,5.402488727272727,241.6218547120471,-4.017514591393589,-0.02103531958012772,-0.003103854196523135,-4.108585148046911,2.8567288903828825
b1c16,1,2017-05-12_batchdata_updated_struct_errorcorrect.mat,5.4C(60%)-3.6C,862.0,861,861,861.0,0.88096577,"[3707764736, 2, 1, 1, 17, 1]","[3707764736, 2, 1, 1, 63, 1]",862.0,5.4,60.0,3.6,4.8,1.0864695565656566,0.0012032831895770354,0.016697524142857148,32.41716254671688,35.85141423232323,6.011683636363636,10.12547436026938,2.3160274582555584e-05,1.0811664,1.0863206,0.005154199999999998,1.004767258767938,-1.4819000000002719e-05,3.1769741022891242,5.405946181818182,247.8001040158516,-4.098979163669727,-0.015925118722572185,-0.0007222500439935544,-4.316154753786636,2.9355072658247128
b1c17,1,2017-05-12_batchdata_updated_struct_errorcorrect.mat,5.4C(60%)-3.6C,857.0,856,856,856.0,0.8832469,"[3707764736, 2, 1, 1, 18, 1]","[3707764736, 2, 1, 1, 64, 1]",857.0,5.4,60.0,3.6,4.8,1.0771062363636363,0.0010541182453571362,0.016676227535353534,32.088753858534446,35.43276257575758,5.922690464646465,10.13811205387206,1.7886231292523448e-05,1.072052,1.0769763,0.004924300000000104,1.004593340621537,2.2162999999998656e-05,3.21211042187913,5.4059219090909085,246.96529238271611,-3.9697249393883856,-0.01954370907595393,-0.0018188577244148995,-4.137090764877971,2.932980821923198
b1c18,1,2017-05-12_batchdata_updated_struct_errorcorrect.mat,5.4C(70%)-3C,691.0,690,690,690.0,0.88114411,"[3707764736, 2, 1, 1, 19, 1]","[3707764736, 2, 1, 1, 65, 1]",691.0,5.4,70.0,3.0,4.909090909090909,1.068100106122449,0.0017050418772144268,0.018004754414141413,31.831057275618022,35.415118353535355,5.488206161616161,9.925956313131316,-4.754075940036315e-05,1.0661705,1.0645274,-0.0016430999999998974,0.998458876886952,-0.003994543,2.9377144338814514,5.404739363636363,274.56239989358056,-3.6496460333798235,-0.023829884661355605,-0.00039905605642150024,-3.865585921716899,2.8394780473741985
b1c19,1,2017-05-12_batchdata_updated_struct_errorcorrect.mat,5.4C(70%)-3C,788.0,787,787,787.0,0.88093972,"[3707764736, 2, 1, 1, 20, 1]","[3707764736, 2, 1, 1, 66, 1]",788.0,5.4,70.0,3.0,4.909090909090909,1.0883684717171715,0.0007718216160143594,0.01632486908080808,33.044085397077396,36.83902758585858,6.7099044545454545,9.930255336700304,-1.0355845392700724e-05,1.0851147,1.0870851,0.0019703999999998167,1.001815844905612,-6.60869999999994e-05,3.2228887860477595,5.401562818181818,249.59374574541144,-3.6194723156628177,-0.028271818424715357,-0.002485399819976614,-3.7814770652255505,2.8965262174895554
b1c20,1,2017-05-12_batchdata_updated_struct_errorcorrect.mat,5.4C(80%)-5.4C,534.0,533,533,533.0,0.88078493,"[3707764736, 2, 1, 1, 21, 1]","[3707764736, 2, 1, 1, 67, 1]",534.0,5.4,80.0,5.4,5.4,1.0698410858585858,0.004184410419543684,0.015210366091836734,32.15292201754506,34.92834715151515,4.967575141414142,9.027207626262616,-0.00013977618181817777,1.07263,1.0612478,-0.011382199999999898,0.9893885123481537,-0.000580528000000002,3.441699267317765,5.404611090909091,244.80890106487206,-3.3668028984718394,-0.029720755045785863,0.0010636888436697223,-3.706408793657516,2.727541257028556
b1c21,1,2017-05-12_batchdata_updated_struct_errorcorrect.mat,5.4C(80%)-5.4C,559.0,558,558,558.0,0.88016534,"[3707764736, 2, 1, 1, 22, 1]","[3707764736, 2, 1, 1, 68, 1]",559.0,5.4,80.0,5.4,5.4,1.082226497979798,0.0026137864433469775,0.015090236234693879,33.13697371135653,36.94892544444444,6.698940363636364,8.987271380471347,-8.178444155844591e-05,1.0824388,1.0767291,-0.005709699999999929,0.9947251521286932,-0.0002038070000000003,3.4225554419674604,5.412843909090909,243.69094500130143,-3.34990353982557,-0.035855982537341013,-0.0017932968842967129,-3.5836566556087086,2.747411807886423
b1c23,1,2017-05-12_batchdata_updated_struct_errorcorrect.mat,6C(30%)-3.6C,1014.0,1013,1013,1013.0,0.88066453,"[3707764736, 2, 1, 1, 24, 1]","[3707764736, 2, 1, 1, 70, 1]",1014.0,6.0,30.0,3.6,4.235294117647059,1.0824610575757576,0.00064132569857382,0.016824002585858585,31.990774547174937,34.8727843939394,5.063340313131314,11.458691784511789,-6.950910327772603e-06,1.0792934,1.0816909,0.0023974999999998303,1.0022213607532482,-9.143999999999125e-06,2.974066727278995,6.0017915454545445,227.73038044641362,-4.040359131553872,-0.01796378123458109,-0.0013508848151840322,-4.251790762929725,3.0060379549973173
b1c24,1,2017-05-12_batchdata_updated_struct_errorcorrect.mat,6C(40%)-3C,1017.0,1016,1016,1016.0,0.88046598,"[3707764736, 2, 1, 1, 25, 1]","[3707764736, 2, 1, 1, 71, 1]",1017.0,6.0,40.0,3.0,4.0,1.0780331868686868,0.0007172188557690706,0.016587448888888887,33.378063951824195,36.866496545454545,6.367219929292929,12.128487205387225,2.024258503403737e-06,1.0745355,1.0776314,0.0030958999999999293,1.0028811519023801,-4.86200000000131e-06,2.9489114761854696,6.001735999999999,224.35110590984544,-3.9382280118825164,-0.02060419962983051,-0.002635572545214857,-4.084082914561752,3.0073209529227447
b1c25,1,2017-05-12_batchdata_updated_struct_errorcorrect.mat,6C(40%)-3C,854.0,853,853,853.0,0.88019997,"[3707764736, 2, 1, 1, 26, 1]","[3707764736, 2, 1, 1, 72, 1]",854.0,6.0,40.0,3.0,4.0,1.078847887878788,0.0007311050081300092,0.0165961417979798,33.848557073949294,37.990239878787875,7.410667747474746,12.137498080808081,5.12931354361571e-07,1.0752345,1.0780438,0.0028093000000000146,1.0026127323853542,-1.1263999999996943e-05,2.9637057094153088,6.007024636363636,224.52648495709266,-4.027454308766241,-0.019488400625258362,-0.0024534207875802814,-4.169131513782401,2.931457870689005
b1c26,1,2017-05-12_batchdata_updated_struct_errorcorrect.mat,6C(40%)-3.6C,870.0,869,869,869.0,0.88105017,"[3707764736, 2, 1, 1, 27, 1]","[3707764736, 2, 1, 1, 73, 1]",870.0,6.0,40.0,3.6,4.5,1.0905742878787879,0.0008664365793143937,0.016285491838383837,33.15641406115227,36.41381293939394,6.025764070707071,10.800664208754245,-1.521046134818085e-05,1.0876514,1.0893713,0.0017199000000001075,1.0015812970957423,1.2887999999999095e-05,3.0810747130663896,6.003147454545454,235.06062190071975,-3.7947854850113254,-0.022053017622192472,-0.001548721115363351,-4.012958948130818,2.9395192526186187
b1c27,1,2017-05-12_batchdata_updated_struct_errorcorrect.mat,6C(40%)-3.6C,842.0,841,841,841.0,0.88130057,"[3707764736, 2, 1, 1, 28, 1]","[3707764736, 2, 1, 1, 74, 1]",842.0,6.0,40.0,3.6,4.5,1.0820360393939392,0.0007546205717510306,0.01609890666666667,33.89497000372245,37.51131004040404,6.781285515151515,10.803712340067367,-1.0758799010519626e-05,1.0790461,1.0810226,0.0019765000000000477,1.001831710433873,3.187999999999802e-05,3.0985962538597485,6.004548545454545,231.9099655051202,-3.8532686882819216,-0.022782608176383,-0.0024646756766928592,-4.0203684340462456,2.9253120914996495
b1c28,1,2017-05-12_batchdata_updated_struct_errorcorrect.mat,6C(50%)-3C,860.0,859,859,859.0,0.88058227,"[3707764736, 2, 1, 1, 29, 1]","[3707764736, 2, 1, 1, 75, 1]",860.0,6.0,50.0,3.0,4.363636363636363,1.0806956292929293,0.0005808473697885737,0.01668003754545454,33.773800525042,37.491157878787874,6.862512424242424,11.13825358585859,-7.726680272115018e-06,1.0777475,1.0796947,0.0019471999999998157,1.0018067311684786,6.377100000000066e-05,3.1213997056021165,6.006039727272727,243.8224717448518,-3.8442772957221814,-0.022045894324691617,-0.001530536760112414,-4.054551501572155,2.934498451243568
b1c29,1,2017-05-12_batchdata_updated_struct_errorcorrect.mat,6C(50%)-3C,917.0,916,916,916.0,0.88035375,"[3707764736, 2, 1, 1, 30, 1]","[3707764736, 2, 1, 1, 76, 1]",917.0,6.0,50.0,3.0,4.363636363636363,1.0827828212121215,0.0006456219175832134,0.016545523626262625,32.70415601771739,35.39940990909091,4.968329565656566,11.151875336700314,-5.212719851575346e-06,1.0794537,1.0818107,0.0023569999999999425,1.0021835119005105,1.7818000000002776e-05,3.1273796621511596,6.002204181818182,241.97571293741512,-3.837847193189059,-0.021834984245873712,-0.0015670577908865942,-4.048162409435504,2.962369335670021
b1c30,1,2017-05-12_batchdata_updated_struct_errorcorrect.mat,6C(50%)-3.6C,709.0,708,708,708.0,0.88054287,"[3707764736, 2, 1, 1, 31, 1]","[3707764736, 2, 1, 1, 77, 1]",709.0,6.0,50.0,3.6,4.8,1.0828237171717172,0.0008262149778357217,0.01600942625252525,33.54008830692456,36.797617333333335,6.146006252525252,10.124524292929316,-1.6368218923929572e-05,1.0798637,1.0814074,0.0015437000000000367,1.0014295322641182,5.842799999999926e-05,3.239442808816588,6.002276999999999,244.50013734679965,-3.7442647061242904,-0.02581332635184841,-0.002717063494253166,-3.911932624766123,2.8506462351830666
b1c31,1,2017-05-12_batchdata_updated_struct_errorcorrect.mat,6C(50%)-3.6C,876.0,875,875,875.0,0.88099223,"[3707764736, 2, 1, 1, 32, 1]","[3707764736, 2, 1, 1, 78, 1]",876.0,6.0,50.0,3.6,4.8,1.097068405050505,0.0009821231393733817,0.016865566141414143,30.375396745150564,30.709141161616163,0.7000855151515153,10.126957558922545,-2.62010822510796e-05,1.0946392,1.0953494,0.0007101999999998831,1.0006487982524286,1.0658000000000195e-05,3.201088441401878,6.002852727272727,258.42341711298525,-3.7772981123140252,-0.023001932147782678,-0.0015073144667822715,-3.996891848064077,2.9425041061680806
b1c32,1,2017-05-12_batchdata_updated_struct_errorcorrect.mat,6C(60%)-3C,731.0,730,730,730.0,0.88080907,"[3707764736, 2, 1, 1, 33, 1]","[3707764736, 2, 1, 1, 79, 1]",731.0,6.0,60.0,3.0,4.8,1.0806714494949494,0.0007058238630044114,0.016167064252525253,33.08050304573434,36.23561784848484,5.8582329999999985,10.129902676767715,-1.2776272108848686e-05,1.0778366,1.0793804,0.001543800000000095,1.0014323135807413,5.134400000000178e-05,3.300645130148225,6.001510636363636,253.6669639177135,-3.646028985296344,-0.0266080048582662,-0.0017719934326988864,-3.8480578556584186,2.8639173769578603
b1c33,1,2017-05-12_batchdata_updated_struct_errorcorrect.mat,6C(60%)-3C,757.0,756,756,756.0,0.88011229,"[3707764736, 2, 1, 1, 34, 1]","[3707764736, 2, 1, 1, 80, 1]",757.0,6.0,60.0,3.0,4.8,1.0954916464646465,0.0009462319167455618,0.016483775656565655,33.67169761442224,37.731304424242424,7.366154545454546,10.129993047138067,-2.1812165739027016e-05,1.0924908,1.0937657,0.0012749000000000787,1.0011669663488243,-1.720699999999825e-05,3.2560916524207415,6.0042814545454535,259.5741599635694,-3.6666230858126236,-0.022780891503455525,0.00046932040686915524,-3.93701865969567,2.8790958795000727
b1c34,1,2017-05-12_batchdata_updated_struct_errorcorrect.mat,7C(30%)-3.6C,742.0,741,741,741.0,0.88205445,"[3707764736, 2, 1, 1, 35, 1]","[3707764736, 2, 1, 1, 81, 1]",742.0,7.0,30.0,3.6,4.401746724890829,1.0800699888888887,0.0007272870882621551,0.01685519708080808,32.66455167507311,36.08252629292929,6.0941950707070704,11.035507962962974,-3.129647495333547e-07,1.0766174,1.0794187,0.0028013000000000066,1.002601945686555,-2.8376000000000096e-05,3.1052047158689073,7.001765818181818,246.1581617252477,-3.848181645234819,-0.020791142357960424,0.00034663996053036427,-4.053194645181961,2.870403905279027
b1c35,1,2017-05-12_batchdata_updated_struct_errorcorrect.mat,7C(30%)-3.6C,703.0,702,702,702.0,0.8802399,"[3707764736, 2, 1, 1, 36, 1]","[3707764736, 2, 1, 1, 82, 1]",703.0,7.0,30.0,3.6,4.401746724890829,1.0745076737373735,0.0007027143826541125,0.016967092292929295,32.09733437854189,34.87752171717172,5.064507161616161,11.036444074074083,3.195320964752807e-06,1.0707464,1.0739936,0.0032472000000001167,1.0030326508685905,3.243499999999733e-05,3.150769808729154,7.001387818181818,247.545017528797,-3.7721713038220117,-0.022362764688999337,-0.001434072008034905,-3.991724127067625,2.846955325019824
b1c36,1,2017-05-12_batchdata_updated_struct_errorcorrect.mat,7C(40%)-3C,704.0,703,703,703.0,0.88231802,"[3707764736, 2, 1, 1, 37, 1]","[3707764736, 2, 1, 1, 83, 1]",704.0,7.0,40.0,3.0,4.2,1.0812765595959595,0.0007104421735963635,0.016437746262626264,32.04688205693082,33.970878757575754,3.69252602020202,11.554803670033683,-7.183043908475764e-06,1.0778315,1.0802411,0.0024096000000000117,1.0022355999059223,8.785199999999938e-05,3.122137696536067,7.001887272727272,246.10318591277058,-3.6690668308219268,-0.024194181941755266,-0.000615126838560024,-3.910186657292972,2.847572659142112
b1c37,1,2017-05-12_batchdata_updated_struct_errorcorrect.mat,7C(40%)-3C,648.0,647,647,647.0,0.88336319,"[3707764736, 2, 1, 1, 38, 1]","[3707764736, 2, 1, 1, 84, 1]",648.0,7.0,40.0,3.0,4.2,1.0780300424242424,0.0007605825290446468,0.01654642202020202,32.95969887229894,36.05156987878787,5.805415777777777,11.561455202020227,-9.680958565245865e-06,1.0748194,1.0768065,0.0019871000000000194,1.0018487757105985,6.718000000000002e-05,3.1215181428212073,7.002528818181817,247.63075918316534,-3.673504381540903,-0.02722672611961585,-0.0021187657969022914,-3.849091269057993,2.8115750058705933
b1c38,1,2017-05-12_batchdata_updated_struct_errorcorrect.mat,7C(40%)-3.6C,617.0,616,616,616.0,0.88110942,"[3707764736, 2, 1, 1, 39, 1]","[3707764736, 2, 1, 1, 85, 1]",617.0,7.0,40.0,3.6,4.754716981132075,1.075801506060606,0.0006463898758454917,0.01621205696969697,33.69474656343401,37.29856363636363,6.856695888888888,10.23158840067342,-9.43712430427038e-06,1.0729513,1.0749754,0.002024100000000084,1.0018864789110187,8.89640000000004e-05,3.3371746644156475,7.006967727272727,256.5701811961443,-3.432613661772658,-0.029952692527717373,-0.0003012894156889672,-3.6510153070313427,2.7902851640332416
b1c39,1,2017-05-12_batchdata_updated_struct_errorcorrect.mat,7C(40%)-3.6C,625.0,624,624,624.0,0.88011074,"[3707764736, 2, 1, 1, 40, 1]","[3707764736, 2, 1, 1, 86, 1]",625.0,7.0,40.0,3.6,4.754716981132075,1.085658998989899,0.0006974026916973628,0.016691104555555555,33.50643317156701,37.403860242424244,7.065298444444445,10.242025976430943,-3.294477427340171e-06,1.0817773,1.0847629,0.0029856000000001437,1.0027599026158158,9.157099999999863e-05,3.288542640265245,7.007713272727273,264.6254452642676,-3.5040992086790537,-0.030588277844049605,-0.0018843652392441436,-3.704491658618414,2.7958800173440754
b1c40,1,2017-05-12_batchdata_updated_struct_errorcorrect.mat,8C(15%)-3.6C,966.0,965,965,965.0,0.88060951,"[3707764736, 2, 1, 1, 41, 1]","[3707764736, 2, 1, 1, 87, 1]",966.0,8.0,15.0,3.6,4.013937282229966,1.0869299777777777,0.0007304158641508088,0.01667927321212121,33.45968416375564,37.756139949494944,7.478368333333332,12.087224326599337,-8.20486332715938e-06,1.0833029,1.0857353,0.0024324000000000012,1.0022453553849067,6.656899999999896e-05,2.8839276897583144,8.009307181818182,222.34627121520833,-4.054778193380718,-0.01858344840319115,-0.0021165474346088206,-4.234695439089245,2.9849771264154934
b1c41,1,2017-05-12_batchdata_updated_struct_errorcorrect.mat,8C(15%)-3.6C,1051.0,1050,1050,1050.0,0.88106161,"[3707764736, 2, 1, 1, 42, 1]","[3707764736, 2, 1, 1, 88, 1]",1051.0,8.0,15.0,3.6,4.013937282229966,1.082886786868687,0.0006614050883900506,0.016744890505050507,33.07332253245542,36.8232453030303,6.582283767676769,12.091290892255918,-1.3855287570256206e-07,1.0789614,1.0821686,0.0032071999999998546,1.002972488172422,-9.889999999998511e-07,2.9102694371575923,8.009869,223.05949693415874,-4.071079457405483,-0.01785908195615893,-0.0017113591599830405,-4.2511325097946715,3.021602716028242
b1c42,1,2017-05-12_batchdata_updated_struct_errorcorrect.mat,8C(25%)-3.6C,702.0,701,701,701.0,0.88035142,"[3707764736, 2, 1, 1, 43, 1]","[3707764736, 2, 1, 1, 89, 1]",702.0,8.0,25.0,3.6,4.347169811320755,1.083889183838384,0.0006395508190474782,0.01671562283838384,33.58506724391689,37.673212,7.321102383838385,11.178124326599383,2.113598021033933e-06,1.0798725,1.0832821,0.0034095999999999016,1.0031574097868035,0.00010331400000000018,3.129341095295271,8.009719818181818,249.2685585760252,-3.665421273494984,-0.025459189998232268,-0.0013487545223153908,-3.875361759224684,2.846337112129805
b1c43,1,2017-05-12_batchdata_updated_struct_errorcorrect.mat,8C(25%)-3.6C,651.0,650,650,650.0,0.88044435,"[3707764736, 2, 1, 1, 44, 1]","[3707764736, 2, 1, 1, 90, 1]",651.0,8.0,25.0,3.6,4.347169811320755,1.070522194949495,0.0008917599141955492,0.016104855565656565,33.339782658681436,36.82060524242424,6.5666380808080795,11.17782324915825,-2.401481014224145e-05,1.0682389,1.0688359,0.0005969999999999587,1.0005588637522935,0.00012785400000000016,3.145356594982107,8.01088509090909,239.43158593879576,-3.6673445598607963,-0.027319728288166645,-0.0018794649140054579,-3.835807134416097,2.813580988568192
b1c44,1,2017-05-12_batchdata_updated_struct_errorcorrect.mat,8C(35%)-3.6C,616.0,615,615,615.0,0.88048309,"[3707764736, 2, 1, 1, 45, 1]","[3707764736, 2, 1, 1, 91, 1]",616.0,8.0,35.0,3.6,4.7407407407407405,1.0868420717171718,0.0011324582364728485,0.01741384996969697,32.55333216968653,35.79095866666667,5.8392638484848485,10.258049427609434,-3.3615460729745583e-05,1.0847682,1.0847102,-5.8000000000113516e-05,0.9999465323559447,0.00015277100000000293,3.348180908087674,8.007968545454546,287.51064454340525,-3.4202654930324226,-0.02823845938914571,0.001229519363574915,-3.6996851416483554,2.7895807121644256
b1c45,1,2017-05-12_batchdata_updated_struct_errorcorrect.mat,8C(35%)-3.6C,599.0,598,598,598.0,0.88104212,"[3707764736, 2, 1, 1, 46, 1]","[3707764736, 2, 1, 1, 92, 1]",599.0,8.0,35.0,3.6,4.7407407407407405,1.0871594505050506,0.0007692257379954453,0.016674251585858585,33.0005473910965,36.69642807070708,6.783880999999998,10.257274326599303,-1.2920053184917479e-05,1.0839558,1.0858277,0.0018719000000000374,1.0017269154332678,0.00015038399999999993,3.3471671431609047,8.007060000000001,275.13438248632724,-3.4248577239248355,-0.02915978968301003,0.001377629711968546,-3.6981611717517406,2.7774268223893115
b2c0,2,2018-02-20_batchdata_updated_struct_errorcorrect.mat,5.2C(58%)-4C,477.0,496,496,496.0,0.82661337,"[3707764736, 2, 1, 1, 1, 1]","[3707764736, 2, 1, 1, 48, 1]",477.0,5.2,58.0,4.0,4.803695150115473,1.105088570707071,0.0031105730342623514,0.017335808494949492,31.808470926230026,35.36620380400637,5.542153755310657,10.17325806397317,1.3737568336431474e-05,1.1020051,1.1052729,0.003267799999999932,1.0029653220298163,6.96420000000017e-05,3.111381881248059,5.207814272727272,253.6600700030201,-3.486830284527127,-0.028203109448212915,0.0010571680954820993,-3.718662887425455,2.678518379040114
b2c1,2,2018-02-20_batchdata_updated_struct_errorcorrect.mat,5.6C(26%)-4.5C,491.0,513,513,513.0,0.82848173,"[3707764736, 2, 1, 1, 2, 1]","[3707764736, 2, 1, 1, 49, 1]",491.0,5.6,26.0,4.5,4.8068669527897,1.1049235595959594,0.003436063196507257,0.01755231991919192,33.60099815475848,36.451634705216804,5.845804611447403,10.198514225589118,-3.290422139764397e-05,1.1057826,1.1015422,-0.004240400000000033,0.9961652498420576,-0.0006942100000000007,3.7813860772849273,5.606765727272727,295.09759158985133,-3.297616853702019,-0.0277004221906626,0.0028192907591193146,-3.6433298873980386,2.6910814921229687
b2c2,2,2018-02-20_batchdata_updated_struct_errorcorrect.mat,5.2C(50%)-4.25C,424.0,439,439,439.0,0.82700932,"[3707764736, 2, 1, 1, 3, 1]","[3707764736, 2, 1, 1, 50, 1]",424.0,5.2,50.0,4.25,4.797829036635006,1.0746630466666667,0.011293903158766674,0.01646109804040404,33.17566129490617,37.429077970616994,6.650343736073832,10.17503702020208,-5.396060358691645e-06,1.0753863,1.0728362,-0.0025500999999998886,0.9976286660895718,-9.869800000000123e-05,3.1908575279150373,5.2027684545454544,238.18456177373068,-3.4598138533388,-0.029247493449604145,-0.0015430613257767934,-3.6413460394631114,2.6273658565927325
b2c3,2,2018-02-20_batchdata_updated_struct_errorcorrect.mat,4.65C(44%)-5C,499.0,517,517,517.0,0.82550967,"[3707764736, 2, 1, 1, 4, 1]","[3707764736, 2, 1, 1, 51, 1]",499.0,4.65,44.0,5.0,4.80123902942695,1.1014852565656565,0.0030443226622133123,0.01591516953535354,33.93805810095692,38.772733971659186,7.948600186547967,10.173178956229002,7.592857884971752e-05,1.0959566,1.1003293,0.004372700000000007,1.003989847773169,-3.5558000000001505e-05,3.1179734620127233,5.001529363636363,229.9450332195077,-3.4958084852006754,-0.040823290134867296,-0.005044720442052254,-3.573611964787142,2.6981005456233897
b2c4,2,2018-02-20_batchdata_updated_struct_errorcorrect.mat,4.65C(69%)-6C,444.0,464,464,464.0,0.82712674,"[3707764736, 2, 1, 1, 5, 1]","[3707764736, 2, 1, 1, 52, 1]",444.0,4.65,69.0,6.0,4.798452112221864,1.0859254535353535,0.0032305742589696083,0.016186317888888888,33.04820861652687,37.435182660123296,7.024409124755471,10.231960420875373,-6.742782807669012e-05,1.0899745,1.0813601,-0.008614400000000133,0.9920966958401319,-0.0009035920000000017,3.1168229674700845,6.00075809090909,233.56807175543057,-3.232072300452541,-0.035804429167974106,-0.0002890187520223484,-3.463013376927123,2.6473829701146196
b2c5,2,2018-02-20_batchdata_updated_struct_errorcorrect.mat,3.6C(30%)-6C,416.0,445,445,445.0,0.8261537,"[3707764736, 2, 1, 1, 6, 1]","[3707764736, 2, 1, 1, 53, 1]",416.0,3.6,30.0,6.0,4.800000000000001,1.0879375151515152,0.01296949576213955,0.015297588929292928,33.01307013030371,37.65087846482749,7.14918942675479,10.198699713804725,-0.00019484917996289103,1.0989141,1.0760076,-0.02290649999999994,0.9791553316132717,-0.0007167039999999986,3.210732447008491,6.0023290909090905,233.90383895399202,-3.0854472125051675,-0.0365556432088181,0.0031089806699693655,-3.4516285487731726,2.6190933306267428
b2c6,2,2018-02-20_batchdata_updated_struct_errorcorrect.mat,3.6C(9%)-5C,393.0,409,409,409.0,0.82940364,"[3707764736, 2, 1, 1, 7, 1]","[3707764736, 2, 1, 1, 54, 1]",393.0,3.6,9.0,5.0,4.790419161676646,1.0929755737373739,0.002911002426144214,0.016037468727272727,33.81904518975318,39.79713499833347,9.30671696200426,10.17931370370378,6.24381335807018e-05,1.0885617,1.090597,0.002035299999999962,1.001869714872386,-0.0005260630000000002,3.147186034104741,5.000090181818182,233.09933572522812,-3.5296051747279322,-0.03278525070994043,-0.003737564233052817,-3.652157556627163,2.5943925503754266
b2c7,2,2018-02-20_batchdata_updated_struct_errorcorrect.mat,4.8C(80%)-4.8C-newstructure,777.0,806,806,806.0,0.8264814,"[3707764736, 2, 1, 1, 8, 1]","[3707764736, 2, 1, 1, 55, 1]",777.0,4.8,80.0,4.8,4.8,1.0930350373737374,0.0024698310807556184,0.014790622575757575,33.769687089746824,37.14950685044426,6.410222257092539,10.035777525252517,5.346993939393214e-05,1.0904776,1.09727,0.006792399999999921,1.0062288303767082,1.3403999999999847e-05,3.120207481086488,4.804680545454545,213.25070953315202,-4.231235578131388,-0.014816957470898506,-0.0019020773815633723,-4.354058524319123,2.890421018800914
b2c8,2,2018-02-20_batchdata_updated_struct_errorcorrect.mat,5.2C(58%)-4C-newstructure,904.0,947,947,947.0,0.8255862,"[3707764736, 2, 1, 1, 9, 1]","[3707764736, 2, 1, 1, 56, 1]",904.0,5.2,58.0,4.0,4.803695150115473,1.0901590962626262,0.01221914851519545,0.016466365090909093,33.59868374090274,35.674109782051225,4.061664319632017,10.03986983164983,-4.8129210760671786e-05,1.0906329,1.0909338,0.00030090000000004835,1.0002758948496786,3.0228999999999673e-05,3.1347573945027434,5.203517545454544,240.3940567400044,-4.101987968526722,-0.018637966704572406,-0.0020002713392862034,-4.243214033014803,2.9561684304753633
b2c9,2,2018-02-20_batchdata_updated_struct_errorcorrect.mat,5.6C(26%)-4.5C-newstructure,791.0,819,819,819.0,0.82610458,"[3707764736, 2, 1, 1, 10, 1]","[3707764736, 2, 1, 1, 57, 1]",791.0,5.6,26.0,4.5,4.8068669527897,1.0975024424242423,0.001878552772318587,0.015396235121212121,32.3508526526095,33.58605048865401,2.217616454400815,10.039928501683493,-3.178960420532104e-05,1.0949715,1.0975486,0.00257710000000011,1.0023535772392251,-5.300199999999991e-05,3.116594583084593,5.604012272727273,224.4757439924298,-4.343991170888546,-0.012426054929798647,-0.00011886293805923854,-4.40136481225405,2.8981764834976764
b2c10,2,2018-02-20_batchdata_updated_struct_errorcorrect.mat,4.8C(80%)-4.8C,492.0,519,519,519.0,0.82791102,"[3707764736, 2, 1, 1, 11, 1]","[3707764736, 2, 1, 1, 58, 1]",492.0,4.8,80.0,4.8,4.8,1.1111783965656563,0.011659720700200233,0.01705791890909091,31.720791269063756,34.35574737651136,4.3919271792068635,10.169499612794551,5.4494455906002766e-05,1.1092782,1.1162933,0.00701509999999983,1.0063240222335568,-0.00030304700000000073,3.0825535802702215,4.803074909090909,246.65528446937594,-3.450465601523543,-0.023861766023574926,0.002420387538838994,-3.781991645044956,2.69196510276736
b2c11,2,2018-02-20_batchdata_updated_struct_errorcorrect.mat,5.2C(50%)-4.25C,449.0,468,468,468.0,0.82524824,"[3707764736, 2, 1, 1, 12, 1]","[3707764736, 2, 1, 1, 59, 1]",449.0,5.2,50.0,4.25,4.797829036635006,1.1010659737373738,0.01436863062561724,0.01721894155555555,33.146477466034135,37.95576609273272,7.3146416467099105,10.173883215488235,0.00011636928385899045,1.0959171,1.1086942,0.012777099999999875,1.0116588198140168,1.5793000000000057e-05,3.1178467199202045,5.206142727272727,250.47224554109178,-3.484958709205863,-0.0320022520654446,-0.0011161295858614212,-3.66256929458102,2.6522463410033232
b2c12,2,2018-02-20_batchdata_updated_struct_errorcorrect.mat,4.65C(44%)-5C,466.0,493,493,493.0,0.82528538,"[3707764736, 2, 1, 1, 13, 1]","[3707764736, 2, 1, 1, 60, 1]",466.0,4.65,44.0,5.0,4.80123902942695,1.104144308080808,0.0021044591743401993,0.01652292034343434,31.314676947956993,33.5953920153671,3.5744826520756208,10.174858552188601,3.124443661100505e-05,1.1016457,1.1065857,0.0049399999999999444,1.0044842003195764,-0.0010207299999999975,3.0948684902664603,5.002077272727272,238.84962586962934,-3.167533856376959,-0.0367934985433267,0.0011401526331757386,-3.445167560801867,2.66838591669
b2c13,2,2018-02-20_batchdata_updated_struct_errorcorrect.mat,4.65C(69%)-6C,460.0,483,483,483.0,0.82574999,"[3707764736, 2, 1, 1, 14, 1]","[3707764736, 2, 1, 1, 61, 1]",460.0,4.65,69.0,6.0,4.798452112221864,1.0949361080808082,0.0014655567238952023,0.016067178222222225,31.946988973926523,35.0716189725971,4.944472821503138,10.214119579124512,-1.1445944341368896e-05,1.0954365,1.0951428,-0.0002936999999998413,0.999731887699561,-0.0010935590000000009,3.10430206263462,6.002027363636363,232.73582207294123,-3.344013210109811,-0.02686417609497649,0.0037402901885067695,-3.7032777738304135,2.662757831681574
b2c14,2,2018-02-20_batchdata_updated_struct_errorcorrect.mat,3.6C(30%)-6C,426.0,461,461,461.0,0.82618046,"[3707764736, 2, 1, 1, 15, 1]","[3707764736, 2, 1, 1, 62, 1]",426.0,3.6,30.0,6.0,4.800000000000001,1.0792566424242422,0.0035360729254499553,0.016259522828282826,32.123877001585356,35.20046863818076,4.8211612976239895,49.87950749158257,-0.00010165705627706068,1.0844886,1.0776343,-0.006854300000000091,0.9936796938206635,-0.000878801999999998,3.226156559032466,6.004558909090909,246.95822482528368,-3.1180854544748184,-0.03662835489331728,0.0025303157991669357,-3.4640276388873503,2.629409599102719
b2c15,2,2018-02-20_batchdata_updated_struct_errorcorrect.mat,3.6C(9%)-5C,396.0,414,414,414.0,0.82608759,"[3707764736, 2, 1, 1, 16, 1]","[3707764736, 2, 1, 1, 63, 1]",396.0,3.6,9.0,5.0,4.790419161676646,1.0750435303030301,0.0030415483252091372,0.016303822929292926,32.862747677246595,36.07268366663823,4.836844941818096,10.173053501683547,9.20414260977118e-05,1.0697494,1.0770745,0.007325099999999862,1.0068474915713903,-0.0009618189999999992,3.200794090539034,5.003433272727272,235.8847358956411,-3.5158174150026964,-0.027294046710935382,-0.0004946586694340409,-3.722693637508167,2.597695185925512
b2c16,2,2018-02-20_batchdata_updated_struct_errorcorrect.mat,4.8C(80%)-4.8C,472.0,499,499,499.0,0.82648873,"[3707764736, 2, 1, 1, 17, 1]","[3707764736, 2, 1, 1, 64, 1]",472.0,4.8,80.0,4.8,4.8,1.0970297515151517,0.0019939284871606953,0.01749052915151515,32.7673986704417,36.992036254667184,6.483649480345254,10.171620942760958,-1.5038863327153774e-05,1.0945363,1.0940695,-0.0004667999999998784,0.9995735180276799,-0.0002792050000000011,3.126159939344967,4.803158181818182,252.4434830463618,-3.4944464801006045,-0.025935581470347024,0.00107413379435277,-3.749582909240839,2.673941998634088
b2c17,2,2018-02-20_batchdata_updated_struct_errorcorrect.mat,5.6C(26%)-4.5C,471.0,494,494,494.0,0.8272146,"[3707764736, 2, 1, 1, 18, 1]","[3707764736, 2, 1, 1, 65, 1]",471.0,5.6,26.0,4.5,4.8068669527897,1.0939235666666667,0.002237246233426176,0.017088656323232324,32.988612809790894,34.74907966738554,3.869859497542742,10.181222777777869,3.904175881262204e-05,1.0917177,1.0944375,0.002719799999999939,1.0024913033836493,-0.00042510400000000254,3.8390840688856445,5.6077818181818175,281.23211102842015,-3.4999096167000205,-0.03011521206481893,-0.0018991558767314076,-3.6963152535125503,2.673020907128896
b2c18,2,2018-02-20_batchdata_updated_struct_errorcorrect.mat,5.2C(50%)-4.25C,449.0,467,467,467.0,0.82719898,"[3707764736, 2, 1, 1, 19, 1]","[3707764736, 2, 1, 1, 66, 1]",449.0,5.2,50.0,4.25,4.797829036635006,1.0825073353535357,0.003542329844150284,0.016646742727272724,32.88627829858526,36.40182568496011,5.724264376041726,10.174147626262664,0.00011339298701298683,1.0756292,1.0858426,0.010213400000000039,1.0094952796000705,-4.021899999999759e-05,3.1855335218004277,5.2028170909090905,241.4782384958492,-3.7068682244022804,-0.02485429130951844,-0.0017495133161496076,-3.835807234647816,2.6522463410033232
b2c19,2,2018-02-20_batchdata_updated_struct_errorcorrect.mat,6C(60%)-3C,392.0,411,411,411.0,0.82597393,"[3707764736, 2, 1, 1, 20, 1]","[3707764736, 2, 1, 1, 67, 1]",392.0,6.0,60.0,3.0,4.8,1.094755986868687,0.0028535583597285785,0.016718258151515154,32.770067410122046,36.54883267067881,6.058235813068135,10.173763619528668,2.1983457019166268e-05,1.0902406,1.0930592,0.0028185999999998934,1.0025853008959673,6.25240000000013e-05,3.2685459727218698,6.003362454545454,262.8533712341998,-3.2915234927686763,-0.029682524377006803,0.0016610186986089372,-3.5804823342093615,2.593286067020457
b2c20,2,2018-02-20_batchdata_updated_struct_errorcorrect.mat,5.2C(58%)-4C,489.0,506,506,506.0,0.82856864,"[3707764736, 2, 1, 1, 21, 1]","[3707764736, 2, 1, 1, 68, 1]",489.0,5.2,58.0,4.0,4.803695150115473,1.1000841181818182,0.0021209181945641823,0.016610858888888892,33.61911118506716,36.88625705741767,5.459265547420482,49.79333134680135,2.8384829931970537e-05,1.0977259,1.1038647,0.0061388,1.0055922885667543,0.00019093999999999708,3.141387327102166,5.208181909090909,242.82320936701944,-3.440870919636383,-0.03947408853783352,-0.0034051399513612248,-3.5855461563856474,2.6893088591236203
b2c21,2,2018-02-20_batchdata_updated_struct_errorcorrect.mat,6C(60%)-3C,408.0,426,426,426.0,0.82783753,"[3707764736, 2, 1, 1, 22, 1]","[3707764736, 2, 1, 1, 69, 1]",408.0,6.0,60.0,3.0,4.8,1.1011154092929292,0.01110453899947567,0.017200276171717172,33.60118814118363,38.660766342322724,8.030298048149408,10.174732340067363,3.546821447123146e-05,1.0985936,1.1000447,0.0014510999999999274,1.001320870611298,0.00012853800000000096,3.2516159867228387,6.00535309090909,270.7056123996786,-3.326244563425288,-0.02913594883499726,0.0020430805979798103,-3.621938909797995,2.61066016308988
b2c24,2,2018-02-20_batchdata_updated_struct_errorcorrect.mat,4.8C(80%)-4.8C,514.0,536,536,536.0,0.82615805,"[3707764736, 2, 1, 1, 25, 1]","[3707764736, 2, 1, 1, 72, 1]",514.0,4.8,80.0,4.8,4.8,1.0963041979797978,0.00242381392904839,0.01651537671717172,33.206377241160645,38.17140352057085,7.9122512545814505,10.16999885521886,4.325509709338842e-05,1.0923017,1.1019264,0.009624700000000042,1.0088113934089822,-0.00014084899999999845,3.1191536778444213,4.804257454545454,238.07695372430405,-3.640450756301035,-0.022242466345042344,0.0007160282055230585,-3.9399779815719884,2.710963118995276
b2c25,2,2018-02-20_batchdata_updated_struct_errorcorrect.mat,5.2C(58%)-4C,493.0,511,511,511.0,0.82751423,"[3707764736, 2, 1, 1, 26, 1]","[3707764736, 2, 1, 1, 73, 1]",493.0,5.2,58.0,4.0,4.803695150115473,1.1022470464646466,0.0024452608617701074,0.01674041588888889,32.23848796399698,34.442510549892894,3.819557538343702,10.172931649831627,3.860060482374841e-05,1.098838,1.1063702,0.007532199999999989,1.006854695596621,2.3801000000000377e-05,3.1420982139485467,5.206673363636363,244.8493736096925,-3.5340434182477156,-0.02736789945745488,-0.00047041701156256253,-3.7473710387517714,2.69284691927723
b2c26,2,2018-02-20_batchdata_updated_struct_errorcorrect.mat,5.6C(26%)-4.5C,450.0,476,476,476.0,0.82529837,"[3707764736, 2, 1, 1, 27, 1]","[3707764736, 2, 1, 1, 74, 1]",450.0,5.6,26.0,4.5,4.8068669527897,1.10416721010101,0.002163467579712804,0.017700572575757578,33.75843376995604,36.91322322353181,6.300605548845344,49.8213119360269,-1.2231956709952081e-05,1.1043522,1.1065354,0.002183200000000163,1.0019769055560357,-0.0008291710000000001,3.6654451156010768,5.603110545454546,296.9863568263967,-3.2216190960192628,-0.033000747420292575,0.0022694900546898437,-3.5331529185821,2.6532125137753435
b2c27,2,2018-02-20_batchdata_updated_struct_errorcorrect.mat,5.2C(50%)-4.25C,474.0,493,493,493.0,0.8266983,"[3707764736, 2, 1, 1, 28, 1]","[3707764736, 2, 1, 1, 75, 1]",474.0,5.2,50.0,4.25,4.797829036635006,1.0985360303030303,0.0027241230846826517,0.01758869122222222,33.30411096115286,38.09066395642736,7.570415969038385,10.17464639730628,8.322792949907285e-05,1.0925682,1.1031471,0.010578899999999836,1.0096825992189777,0.00012275900000000006,3.1338831065200456,5.2055739999999995,255.69325774967223,-3.4857691211237922,-0.031224850538959903,-0.0014175207805431135,-3.680787047473091,2.6757783416740852
b2c28,2,2018-02-20_batchdata_updated_struct_errorcorrect.mat,4.8C(80%)-4.8C,437.0,456,456,456.0,0.82741743,"[3707764736, 2, 1, 1, 29, 1]","[3707764736, 2, 1, 1, 76, 1]",437.0,4.8,80.0,4.8,4.8,1.095054122222222,0.0024796335011265905,0.016274739303030306,32.143914131113334,35.334859521378185,5.064028073257536,49.80539951178443,5.7402129870125894e-05,1.0904486,1.0995919,0.009143300000000076,1.008384897738417,-0.0006546150000000008,3.123732017523131,4.801469272727273,234.2823628410017,-3.4229766573491887,-0.02765926963516596,0.0008427845549448771,-3.6641541158616113,2.640481436970422
b2c29,2,2018-02-20_batchdata_updated_struct_errorcorrect.mat,5.2C(58%)-4C,452.0,470,470,470.0,0.82541627,"[3707764736, 2, 1, 1, 30, 1]","[3707764736, 2, 1, 1, 77, 1]",452.0,5.2,58.0,4.0,4.803695150115473,1.1100257606060604,0.0037116416563656935,0.016732251515151515,31.797490897448796,34.43823202248059,4.2202841256759225,10.173048585858563,0.00012008288806431068,1.1032062,1.1159806,0.012774400000000075,1.0115793402901472,0.00011061700000000035,3.095801130256615,5.205525454545454,244.86857029759696,-3.5078136673204168,-0.02622834603763946,0.0010829511219329685,-3.7465905532849955,2.655138434811382
b2c30,2,2018-02-20_batchdata_updated_struct_errorcorrect.mat,5.6C(26%)-4.5C,412.0,429,429,429.0,0.82665932,"[3707764736, 2, 1, 1, 31, 1]","[3707764736, 2, 1, 1, 78, 1]",412.0,5.6,26.0,4.5,4.8068669527897,1.0929829222222223,0.003471648455662709,0.016883249333333333,33.81182141567536,37.34308786098118,6.976971809732708,49.82939452861952,-8.503881385281154e-05,1.0946374,1.092545,-0.0020923999999999943,0.9980884994428292,-0.001062254999999998,3.6298147944522947,5.605024818181818,280.9460425751598,-3.1849750475008567,-0.03324308339595905,0.0026240636253804695,-3.497869516929205,2.6148972160331345
b2c31,2,2018-02-20_batchdata_updated_struct_errorcorrect.mat,5.6C(26%)-4.5C,425.0,446,446,446.0,0.82528561,"[3707764736, 2, 1, 1, 32, 1]","[3707764736, 2, 1, 1, 79, 1]",425.0,5.6,26.0,4.5,4.8068669527897,1.0998533494949494,0.0017860116806856774,0.016325805828282827,33.3758501254003,35.656391701768925,4.605339342698974,10.194512441077386,3.9791858998146125e-05,1.0990092,1.1006228,0.0016135999999999928,1.0014682315671242,-0.0006819260000000028,3.668391350033701,5.603557909090909,273.8637410952371,-3.351924319713292,-0.0325623694426771,0.0010420073753634814,-3.6115089467335237,2.6283889300503116
b2c32,2,2018-02-20_batchdata_updated_struct_errorcorrect.mat,4.8C(80%)-4.8C-newstructure,809.0,834,834,834.0,0.82744044,"[3707764736, 2, 1, 1, 33, 1]","[3707764736, 2, 1, 1, 80, 1]",809.0,4.8,80.0,4.8,4.8,1.0900473909090909,0.0030514738774422585,0.014811171424242424,32.16894887045923,33.94637920302099,3.4093355590465952,49.671437777777854,-5.5682572665427346e-05,1.0881557,1.0874337,-0.0007219999999998894,0.9993364920112077,-5.889600000000099e-05,3.124469264689342,4.800657818181818,213.40196476866836,-4.131031643392329,-0.013630420384750708,0.00044084629463781957,-4.4479563236028214,2.9079485216122722
b2c33,2,2018-02-20_batchdata_updated_struct_errorcorrect.mat,5.2C(58%)-4C-newstructure,1140.0,1190,1190,1190.0,0.82506907,"[3707764736, 2, 1, 1, 34, 1]","[3707764736, 2, 1, 1, 81, 1]",1140.0,5.2,58.0,4.0,4.803695150115473,1.0705903191919193,0.015028060800760778,0.014990987444444446,32.74157143407892,34.30263809635044,3.2745084337968833,10.03956353535346,-0.00012531416326531098,1.0732747,1.0686773,-0.004597399999999974,0.9957164740769535,-8.753799999999985e-05,3.228154756120689,5.206912636363636,218.74905695287973,-4.2311938075637325,-0.011607555267986014,0.0008976458604440573,-4.4734713580763215,3.0569048513364727
b2c34,2,2018-02-20_batchdata_updated_struct_errorcorrect.mat,5.6C(26%)-4.5C-newstructure,1186.0,1252,1252,1252.0,0.82562441,"[3707764736, 2, 1, 1, 35, 1]","[3707764736, 2, 1, 1, 82, 1]",1186.0,5.6,26.0,4.5,4.8068669527897,1.0671324676767675,0.0020980947717854693,0.01495288393939394,35.66789148456313,38.96110461672359,7.140997856981305,49.6776396632997,-5.456295732837848e-05,1.0671737,1.0644548,-0.0027188999999998575,0.9974522423106943,-0.00011882799999999964,3.237877087101361,5.606394636363636,216.99809105937268,-4.448150661550735,-0.011525110805540861,-0.0005022157406156164,-4.628771013553856,3.074084689028244
b2c41,2,2018-02-20_batchdata_updated_struct_errorcorrect.mat,5.6C(26%)-4.5C,442.0,463,463,463.0,0.82606894,"[3707764736, 2, 1, 1, 42, 1]","[3707764736, 2, 1, 1, 89, 1]",442.0,5.6,26.0,4.5,4.8068669527897,1.1059561515151515,0.001773037623849087,,30.193787010451164,32.72284623520075,3.80138350469519,49.81976715488214,2.3998204081631683e-05,1.1049188,1.108752,0.00383319999999987,1.00346921420832,,3.6691430198062958,5.60672409090909,,-3.17193129840298,-0.04335842098312115,-0.00019566323398479302,-3.4124751194006078,2.645422269349092
b2c42,2,2018-02-20_batchdata_updated_struct_errorcorrect.mat,5.2C(50%)-4.25C,474.0,497,497,497.0,0.82577723,"[3707764736, 2, 1, 1, 43, 1]","[3707764736, 2, 1, 1, 90, 1]",474.0,5.2,50.0,4.25,4.797829036635006,1.107131119191919,0.003431546416368161,,31.709620029469267,35.574378964676875,5.889389109603707,10.175111565656563,8.583347433519058e-05,1.1024443,1.1133598,0.010915500000000078,1.0099011804950146,,3.102353393353228,5.203767272727272,,-3.4821531362335185,-0.021990434687872318,0.002836475356404959,-3.856484282981974,2.6757783416740852
b2c43,2,2018-02-20_batchdata_updated_struct_errorcorrect.mat,4.8C(80%)-4.8C-newstructure,1029.0,1061,1061,1061.0,0.82532436,"[3707764736, 2, 1, 1, 44, 1]","[3707764736, 2, 1, 1, 91, 1]",1029.0,4.8,80.0,4.8,4.8,1.0986638707070708,0.0032284877935201545,,33.92914533704784,36.97438163334141,6.114592218264918,10.036751245791278,-7.295969944341106e-05,1.0974334,1.0966223,-0.0008110999999999535,0.9992609118694583,,3.101778077296716,4.802859909090909,,-4.27134741684955,-0.009903541967854701,0.0014829517929924045,-4.2902461303397965,3.012415374762433
b2c44,2,2018-02-20_batchdata_updated_struct_errorcorrect.mat,5.2C(58%)-4C-newstructure,841.0,874,874,874.0,0.82503617,"[3707764736, 2, 1, 1, 45, 1]","[3707764736, 2, 1, 1, 92, 1]",841.0,5.2,58.0,4.0,4.803695150115473,1.0976287414141412,0.001290630019939643,,33.95995836968299,36.8790253111546,5.8822487106517345,49.66138013468011,-2.446207668521927e-05,1.09659,1.0974951,0.000905099999999992,1.0008253768500532,,3.1331151234736523,5.203742999999999,,-4.3640889685513224,-0.01248855911158775,-0.0009368541082420429,-4.543429875536089,2.924795995797912
b2c45,2,2018-02-20_batchdata_updated_struct_errorcorrect.mat,5.6C(26%)-4.5C-newstructure,997.0,1027,1027,1027.0,0.82734823,"[3707764736, 2, 1, 1, 46, 1]","[3707764736, 2, 1, 1, 93, 1]",997.0,5.6,26.0,4.5,4.8068669527897,1.1012188434343433,0.008355580481589457,,35.271412144027664,37.86687606904902,5.328916936218611,10.04019055555552,-7.610656895484813e-05,1.1030351,1.0995457,-0.003489400000000087,0.9968365467245783,,3.1142803864607718,5.603183363636363,,-4.174780437396987,-0.01710460738927011,-0.001591854887769108,-4.357731375766228,2.998695158311656
b2c46,2,2018-02-20_batchdata_updated_struct_errorcorrect.mat,4.8C(80%)-4.8C,503.0,523,523,523.0,0.82638663,"[3707764736, 2, 1, 1, 47, 1]","[3707764736, 2, 1, 1, 94, 1]",503.0,4.8,80.0,4.8,4.8,1.102562018181818,0.0023167815676310576,,29.88150861827619,31.01220065415558,2.368454690063961,49.80284373737375,1.9638269635131457e-05,1.100943,1.0998453,-0.0010977000000000903,0.9990029456565871,,3.0896054615908435,4.806192545454545,,-3.5084406210446826,-0.030289563990319235,-0.00026145761395003376,-3.6714637749250647,2.7015679850559273
b3c0,3,2018-04-12_batchdata_updated_struct_errorcorrect.mat,5C(67%)-4C-newstructure,1009.0,1008,1008,1008.0,0.8804329,"[3707764736, 2, 1, 1, 1, 1]","[3707764736, 2, 1, 1, 47, 1]",1009.0,5.0,67.0,4.0,4.804804804804805,1.0703864353535353,0.0006524584907139318,0.015235852282828284,32.194853230782606,33.560153344027476,2.704418802423245,10.042610084175083,-5.346195423626031e-06,1.0674551,1.0694544,0.001999299999999815,1.0018729593403974,-0.00012841200000000136,3.171656113450003,5.007712636363636,220.88037731312522,-4.244680358543627,-0.013982231817079027,-0.0007727517832958966,-4.437621611987007,3.0038911662369103
b3c1,3,2018-04-12_batchdata_updated_struct_errorcorrect.mat,5.3C(54%)-4C-newstructure,1063.0,1062,1062,1062.0,0.8802734,"[3707764736, 2, 1, 1, 2, 1]","[3707764736, 2, 1, 1, 48, 1]",1063.0,5.3,54.0,4.0,4.7936687394007915,1.0677216717171716,0.0007058329505554828,0.014984559090909092,34.83231929224147,37.98835277556221,6.4106137290320016,10.041381363636303,-1.4719340754480143e-05,1.0650603,1.0664777,0.001417400000000013,1.0013308166683146,-0.00010282300000000015,3.1979230225023656,5.3054359090909085,219.3601683502481,-4.285108198625103,-0.013901686391273982,-0.001198527766566583,-4.457369493882313,3.0265332645232967
b3c3,3,2018-04-12_batchdata_updated_struct_errorcorrect.mat,5.6C(36%)-4.3C-newstructure,1115.0,1114,1114,1114.0,0.88058406,"[3707764736, 2, 1, 1, 4, 1]","[3707764736, 2, 1, 1, 50, 1]",1115.0,5.6,36.0,4.3,4.8015952143569285,1.0646530202020204,0.0006100444145723906,0.014999963767676767,36.08374244976545,39.4408972847914,7.270221076340922,10.041502946127975,-1.2654854669141905e-05,1.0628892,1.0635946,0.0007053999999999672,1.000663662778773,5.60549999999993e-05,3.227638833377622,5.611776909090908,219.47322197831684,-4.116173258607179,-0.018380375178607355,-0.0022491747962077448,-4.241550396198859,3.0472748673841794
b3c4,3,2018-04-12_batchdata_updated_struct_errorcorrect.mat,5.6C(19%)-4.6C-newstructure,1048.0,1047,1047,1047.0,0.88001466,"[3707764736, 2, 1, 1, 5, 1]","[3707764736, 2, 1, 1, 51, 1]",1048.0,5.6,19.0,4.6,4.803729603729602,1.0745377696969698,0.0004883712387389834,0.015129103909090906,32.11715379681872,32.98110366119803,1.8071563263541333,10.045573973063998,-5.233104514546137e-06,1.0724765,1.0738586,0.0013821000000000527,1.0012886995659114,-6.733400000000049e-05,3.1569480302236776,5.601279545454545,219.49379634087492,-4.178031161375803,-0.016746991318755344,-0.00204315442642401,-4.307061109783067,3.0203612826477078
b3c5,3,2018-04-12_batchdata_updated_struct_errorcorrect.mat,5.6C(36%)-4.3C-newstructure,828.0,827,827,827.0,0.88066918,"[3707764736, 2, 1, 1, 6, 1]","[3707764736, 2, 1, 1, 52, 1]",828.0,5.6,36.0,4.3,4.8015952143569285,1.0531571414141414,0.0006473749251210896,0.01518261805050505,35.56013985266867,39.69079276471186,7.433703850777719,10.042010656565727,-1.602090043289774e-05,1.0514506,1.0518515,0.00040090000000003734,1.000381282772581,-0.00016723399999999874,3.2443237942287313,5.609262636363636,221.45173701803267,-4.113989462952569,-0.014661181420096647,-0.0006618486114237025,-4.3080957548240795,2.9180303367848803
b3c6,3,2018-04-12_batchdata_updated_struct_errorcorrect.mat,3.7C(31%)-5.9C-newstructure,667.0,666,666,666.0,0.88052577,"[3707764736, 2, 1, 1, 7, 1]","[3707764736, 2, 1, 1, 53, 1]",667.0,3.7,31.0,5.9,4.795167490389896,1.053759712121212,0.005816926229692818,0.013730660939393938,34.1072055276095,36.98765147763979,5.568851815731026,10.080923367003404,-0.0002023977884972222,1.0626124,1.04378,-0.01883239999999997,0.9822772630923562,0.00032014799999999927,3.284191553388217,5.90107309090909,207.5952380702535,-3.525273681171474,-0.022272507351046134,0.0024115781397454645,-3.9481178693246646,2.824125833916549
b3c7,3,2018-04-12_batchdata_updated_struct_errorcorrect.mat,4.8C(80%)-4.8C-newstructure,1836.0,1835,1835,1835.0,0.88036358,"[3707764736, 2, 1, 1, 8, 1]","[3707764736, 2, 1, 1, 54, 1]",1836.0,4.8,80.0,4.8,4.8,1.0701774252525253,0.0006324969512459371,0.015428265515151515,32.79694473003086,34.27477909930834,3.026782992725108,11.040740218855252,-2.3574483611610727e-06,1.0675218,1.0684743,0.0009525000000001338,1.0008922534415692,-3.5402999999999823e-05,2.923304304002865,4.368764727272727,203.05965152443343,-4.48830767619389,-0.011302640651272955,-0.0012813978310824451,-4.683285577592663,3.2638726768652235
b3c8,3,2018-04-12_batchdata_updated_struct_errorcorrect.mat,5C(67%)-4C-newstructure,828.0,827,827,827.0,0.88094097,"[3707764736, 2, 1, 1, 9, 1]","[3707764736, 2, 1, 1, 55, 1]",828.0,5.0,67.0,4.0,4.804804804804805,1.068006090909091,0.0006720693559464083,0.015253319353535355,33.05552416009523,35.07929651965403,3.8183788299505887,10.043270673400722,-3.3089511440911376e-06,1.0647362,1.067026,0.0022898000000000085,1.0021505796459254,-0.00017268099999999918,3.139597071947346,5.003187,221.19469136396285,-4.091369245668356,-0.016182753158561214,-0.00114015097214395,-4.273322660199069,2.9180303367848803
b3c9,3,2018-04-12_batchdata_updated_struct_errorcorrect.mat,5.3C(54%)-4C-newstructure,1039.0,1038,1038,1038.0,0.8801114,"[3707764736, 2, 1, 1, 10, 1]","[3707764736, 2, 1, 1, 56, 1]",1039.0,5.3,54.0,4.0,4.7936687394007915,1.0728593262626263,0.0005937099552272031,0.0157985837979798,33.08832983925303,35.09617884754773,3.792272169682375,10.041150656565671,6.68053184916058e-07,1.0694826,1.0724456,0.002963000000000049,1.0027704985569659,-2.9396000000000977e-05,3.141788733918678,5.303317,231.67419308922555,-3.98186244123407,-0.016031796098443407,-0.0009345331222332789,-4.215030343351253,3.016615547557177
b3c10,3,2018-04-12_batchdata_updated_struct_errorcorrect.mat,4.8C(80%)-4.8C-newstructure,1078.0,1077,1077,1077.0,0.88064086,"[3707764736, 2, 1, 1, 11, 1]","[3707764736, 2, 1, 1, 57, 1]",1078.0,4.8,80.0,4.8,4.8,1.06437858989899,0.0006076820119536643,0.01537307471717172,32.5348014795901,34.79216549532189,4.1045347037199615,11.039443922558931,-2.8759653679635088e-06,1.0617746,1.0623909,0.0006163000000001251,1.0005804433445669,-0.00014386399999999876,2.9492515215966373,4.366635454545454,202.0616212243187,-4.410921412252559,-0.011742868625587488,-0.0009850263228478413,-4.56973815741952,3.03261876085072
b3c11,3,2018-04-12_batchdata_updated_struct_errorcorrect.mat,5.6C(19%)-4.6C-newstructure,817.0,816,816,816.0,0.88113368,"[3707764736, 2, 1, 1, 12, 1]","[3707764736, 2, 1, 1, 58, 1]",817.0,5.6,19.0,4.6,4.803729603729602,1.0698276717171717,0.000735737434592881,0.015524714272727273,34.20373702283128,37.60932852326845,6.239520516012194,10.042466936026983,-1.7682165739029632e-05,1.0680679,1.0682998,0.0002318999999999516,1.000217121027605,-4.955999999999884e-05,3.1350997016253475,5.604650363636363,225.21100983519636,-3.8844866526940733,-0.019919420181697123,-0.0014527363595325889,-4.0972516479706895,2.9122220565324155
b3c12,3,2018-04-12_batchdata_updated_struct_errorcorrect.mat,5.6C(36%)-4.3C-newstructure,932.0,931,931,931.0,0.88080788,"[3707764736, 2, 1, 1, 13, 1]","[3707764736, 2, 1, 1, 59, 1]",932.0,5.6,36.0,4.3,4.8015952143569285,1.0763353797979798,0.0005043662948528863,0.016047835363636364,33.2205731520236,35.542101100869175,4.314540128172108,10.042442037037002,-6.6794632034672655e-06,1.0741653,1.0755343,0.0013689999999999536,1.0012744779597702,-4.0385999999999894e-05,3.135106067022533,5.602399636363637,235.5275321044748,-3.946355465036171,-0.016447127196859146,-2.7098472281400278e-05,-4.201453391188098,2.9694159123539814
b3c13,3,2018-04-12_batchdata_updated_struct_errorcorrect.mat,5.6C(19%)-4.6C-newstructure,816.0,815,815,815.0,0.88024569,"[3707764736, 2, 1, 1, 14, 1]","[3707764736, 2, 1, 1, 60, 1]",816.0,5.6,19.0,4.6,4.803729603729602,1.0687136323232325,0.0008052083454341315,0.015128562717171716,34.11768528185422,37.233278981795394,5.909778088270107,10.042358249158225,-1.2185193568341783e-05,1.065558,1.067306,0.0017480000000000828,1.0016404550479656,-0.00014514099999999967,3.1233962232056833,5.603689727272727,219.40216364346523,-4.094031973537554,-0.01686100660384371,-0.0009804028403768929,-4.271217980122816,2.9116901587538613
b3c14,3,2018-04-12_batchdata_updated_struct_errorcorrect.mat,5.6C(36%)-4.3C-newstructure,858.0,857,857,857.0,0.88065648,"[3707764736, 2, 1, 1, 15, 1]","[3707764736, 2, 1, 1, 61, 1]",858.0,5.6,36.0,4.3,4.8015952143569285,1.077015806060606,0.0007718267956037002,0.015551921989898992,33.11953606667905,35.48777029470216,4.415884793583803,10.04185826599329,4.6361076066727265e-06,1.0727056,1.0763919,0.0036863000000000312,1.003436450783887,-7.740999999999998e-05,3.126507631921906,5.604952,228.14985897245418,-3.9992331831677133,-0.017495733297364313,-0.0014169302672780526,-4.188705361569281,2.9334872878487053
b3c15,3,2018-04-12_batchdata_updated_struct_errorcorrect.mat,5.9C(15%)-4.6C-newstructure,876.0,875,875,875.0,0.88058048,"[3707764736, 2, 1, 1, 16, 1]","[3707764736, 2, 1, 1, 62, 1]",876.0,5.9,15.0,4.6,4.798232044198895,1.070546722222222,0.000644199376944936,0.015306011222222221,33.51055049283859,36.80771071001127,5.9311677279067165,10.04163658249164,-1.156462213976474e-05,1.0684187,1.0693594,0.0009406999999999055,1.0008804600668257,-9.027200000000062e-05,3.1282372416114534,5.907599727272727,222.65094972798283,-4.00024991015545,-0.017126722005809003,-0.0009827078350528639,-4.202338356407966,2.9425041061680806
b3c16,3,2018-04-12_batchdata_updated_struct_errorcorrect.mat,4.8C(80%)-4.8C-newstructure,1638.0,1637,1637,1637.0,0.88014877,"[3707764736, 2, 1, 1, 17, 1]","[3707764736, 2, 1, 1, 63, 1]",1638.0,4.8,80.0,4.8,4.8,1.0635088555555554,0.0007077409654153116,0.015311050717171716,34.94134876933804,37.832425406113444,5.850534237329697,11.040587407407406,-9.691301175018761e-06,1.061009,1.0625579,0.0015488999999999642,1.0014598368157104,-0.00012093599999999857,3.007108935073352,4.365435545454544,200.82605739574004,-4.694078987698978,-0.008417738502787264,-0.00028904521814851323,-4.795449451889159,3.2143138974244
b3c17,3,2018-04-12_batchdata_updated_struct_errorcorrect.mat,5.3C(54%)-4C-newstructure,1315.0,1314,1314,1314.0,0.88043362,"[3707764736, 2, 1, 1, 18, 1]","[3707764736, 2, 1, 1, 64, 1]",1315.0,5.3,54.0,4.0,4.7936687394007915,1.067047807070707,0.0013914454244544443,0.015443586646464644,35.07228784758459,37.40160198756502,4.945926806362602,10.042102811447801,-5.833125541120238e-06,1.0664514,1.0664585,7.0999999999266095e-06,1.0000066575935855,-0.00016227499999999992,3.2377964170806477,5.306667,225.8754283903024,-4.43927856799074,-0.010808122318272884,-0.00016194759768421528,-4.555453980982359,3.1189257528257768
b3c18,3,2018-04-12_batchdata_updated_struct_errorcorrect.mat,5.6C(19%)-4.6C-newstructure,1146.0,1145,1145,1145.0,0.88003904,"[3707764736, 2, 1, 1, 19, 1]","[3707764736, 2, 1, 1, 65, 1]",1146.0,5.6,19.0,4.6,4.803729603729602,1.0688689090909091,0.0009466437939751168,0.015015526535353539,35.2914180269327,37.97024186611959,5.575883482398758,10.043108299663281,-2.927494124922568e-05,1.0680237,1.0670015,-0.0010221999999999731,0.999042905134034,-3.7439999999999696e-05,3.2107680471946622,5.602683999999999,217.5475865786399,-4.2536174894114485,-0.014224898650763373,-0.0011113859127712278,-4.449628951038932,3.059184617631371
b3c19,3,2018-04-12_batchdata_updated_struct_errorcorrect.mat,5.6C(36%)-4.3C-newstructure,1155.0,1154,1154,1154.0,0.88007373,"[3707764736, 2, 1, 1, 20, 1]","[3707764736, 2, 1, 1, 66, 1]",1155.0,5.6,36.0,4.3,4.8015952143569285,1.0727208262626262,0.0009325075486465627,0.01546349318181818,35.09835953689969,37.876070766588285,5.755193455242254,10.043189629629584,-2.9691358070504438e-05,1.0719248,1.0708553,-0.0010694999999998345,0.9990022620989832,-4.249000000000093e-05,3.1992462690140244,5.6024794545454535,226.423471884523,-4.171507362895025,-0.014526710823795974,-0.0007785327827435141,-4.390108454937793,3.062581984228163
b3c20,3,2018-04-12_batchdata_updated_struct_errorcorrect.mat,5C(67%)-4C-newstructure,813.0,812,812,812.0,0.88059181,"[3707764736, 2, 1, 1, 21, 1]","[3707764736, 2, 1, 1, 67, 1]",813.0,5.0,67.0,4.0,4.804804804804805,1.067449897979798,0.0005548609507703324,0.015263322232323233,33.10212248197412,35.739254750947524,4.887111122479565,10.043380471380495,-7.154074211500192e-06,1.0650502,1.0664401,0.001389899999999944,1.001305008909439,-7.635700000000085e-05,3.145501164736733,5.007868636363636,221.36813448294205,-4.065910181495544,-0.01804021179943327,-0.0018876016142763076,-4.222703484175687,2.910090545594068
b3c21,3,2018-04-12_batchdata_updated_struct_errorcorrect.mat,3.7C(31%)-5.9C-newstructure,772.0,771,771,771.0,0.8801983,"[3707764736, 2, 1, 1, 22, 1]","[3707764736, 2, 1, 1, 68, 1]",772.0,3.7,31.0,5.9,4.795167490389896,1.0619781898989897,0.004597956502521592,0.014093014131313133,34.900399416468076,37.9177756860133,5.8600918597217335,10.079161515151517,-0.0001594917019171322,1.0678563,1.0538316,-0.014024700000000001,0.9868664913059931,0.00023393700000000003,3.2841609325204413,5.901506636363636,213.02410285324953,-3.7038921739552135,-0.01810121213597915,0.0016362322189744148,-4.14264901535323,2.887617300335736
b3c22,3,2018-04-12_batchdata_updated_struct_errorcorrect.mat,5.9C(60%)-3.1C-newstructure,1002.0,1001,1001,1001.0,0.88094068,"[3707764736, 2, 1, 1, 23, 1]","[3707764736, 2, 1, 1, 69, 1]",1002.0,5.9,60.0,3.1,4.813157894736842,1.0581549232323233,0.0006720843655782787,0.015685687353535354,34.61069656408486,37.5322343873043,5.892128881757195,10.04255023569017,-1.5988764378483083e-05,1.0562643,1.0569046,0.000640299999999927,1.0006061929765115,-0.00012298300000000012,3.3533451806017625,5.902782818181818,242.73830504099988,-4.046387885320449,-0.014330469704781468,0.00035630949748567355,-4.308251324739215,3.0008677215312267
b3c24,3,2018-04-12_batchdata_updated_struct_errorcorrect.mat,5C(67%)-4C-newstructure,825.0,824,824,824.0,0.88021326,"[3707764736, 2, 1, 1, 25, 1]","[3707764736, 2, 1, 1, 71, 1]",825.0,5.0,67.0,4.0,4.804804804804805,1.050441208080808,0.0007341883081136376,0.015554037858585858,34.68760501613314,37.236331842653044,5.1468647384346315,10.041832441077416,9.6505887445875e-06,1.0462732,1.050084,0.003810800000000114,1.0036422609314661,-0.0001505590000000015,3.222496151183304,5.005732454545455,224.74335683389018,-4.154820483102516,-0.015891932993365054,-0.0014650171740672876,-4.299056145572356,2.916453948549925
b3c25,3,2018-04-12_batchdata_updated_struct_errorcorrect.mat,5.3C(54%)-4C-newstructure,989.0,988,988,988.0,0.88167018,"[3707764736, 2, 1, 1, 26, 1]","[3707764736, 2, 1, 1, 72, 1]",989.0,5.3,54.0,4.0,4.7936687394007915,1.0648225050505051,0.0007014587880273204,0.015641851515151513,35.58186389191699,38.88624032121534,6.650086357813377,10.042413013468028,6.950843537418871e-06,1.0611302,1.0643663,0.003236100000000075,1.003049672886513,-4.924599999999932e-05,3.194117841564246,5.301728727272727,228.9154046935819,-4.146126232959254,-0.017134366187470995,-0.0014839386238782947,-4.3082397513973785,2.9951962915971793
b3c26,3,2018-04-12_batchdata_updated_struct_errorcorrect.mat,5.6C(19%)-4.6C-newstructure,1028.0,1027,1027,1027.0,0.88023561,"[3707764736, 2, 1, 1, 27, 1]","[3707764736, 2, 1, 1, 73, 1]",1028.0,5.6,19.0,4.6,4.803729603729602,1.075112296969697,0.0006104648834866028,0.015593572727272726,35.745916536891265,39.14135891629517,6.815938911607954,10.042290858585826,-4.2884230055903015e-07,1.0720186,1.074435,0.0024163999999999852,1.0022540653678957,-4.2369000000000434e-05,3.1330174725640942,5.605451454545454,226.53673806299025,-4.219072902127027,-0.015550302641430092,-0.0015107561570070116,-4.384221225162854,3.011993114659257
b3c27,3,2018-04-12_batchdata_updated_struct_errorcorrect.mat,5.6C(36%)-4.3C-newstructure,850.0,849,849,849.0,0.88002509,"[3707764736, 2, 1, 1, 28, 1]","[3707764736, 2, 1, 1, 74, 1]",850.0,5.6,36.0,4.3,4.8015952143569285,1.0637090626262626,0.0006461001112776804,0.014919440515151516,35.30844806776433,38.44588898200405,6.275969124303304,10.045002356902378,-4.0353704390864875e-06,1.0604171,1.0627574,0.002340299999999962,1.002206961770043,-9.954799999999965e-05,3.186559583522723,5.602541818181818,218.20678433907236,-4.12969779916042,-0.01729446706834281,-0.0014040871344927458,-4.2841117949288225,2.929418925714293
b3c28,3,2018-04-12_batchdata_updated_struct_errorcorrect.mat,3.7C(31%)-5.9C-newstructure,541.0,540,540,540.0,0.88010961,"[3707764736, 2, 1, 1, 29, 1]","[3707764736, 2, 1, 1, 75, 1]",541.0,3.7,31.0,5.9,4.795167490389896,1.0445220202020202,0.005707489343209764,0.01342088496969697,35.69688828820833,39.55791836716047,7.264191399409321,10.088611986532047,-0.00019802208534322756,1.0518668,1.0340093,-0.01785750000000008,0.9830230405598883,0.00043592300000000125,3.279343048035694,5.90237009090909,202.71317601790403,-3.4512233812429836,-0.026615181297049262,0.0009598200388819231,-3.813532576785673,2.7331972651065692
b3c29,3,2018-04-12_batchdata_updated_struct_errorcorrect.mat,5.9C(15%)-4.6C-newstructure,858.0,857,857,857.0,0.88007307,"[3707764736, 2, 1, 1, 30, 1]","[3707764736, 2, 1, 1, 76, 1]",858.0,5.9,15.0,4.6,4.798232044198895,1.0705002696969699,0.0008073721228693948,0.014824126747474747,31.262889334066085,31.680285422399457,0.8462462172472784,10.04197961279458,4.077620284472189e-06,1.0663688,1.0696349,0.0032661000000000495,1.0030628240436141,-0.00016551100000000013,3.1230724765623443,5.905182545454545,215.58053681970216,-4.06314158842719,-0.019191729522884823,-0.0015708295102730872,-4.210973239004818,2.9334872878487053
b3c30,3,2018-04-12_batchdata_updated_struct_errorcorrect.mat,5.3C(54%)-4C-newstructure,935.0,934,934,934.0,0.88024825,"[3707764736, 2, 1, 1, 31, 1]","[3707764736, 2, 1, 1, 77, 1]",935.0,5.3,54.0,4.0,4.7936687394007915,1.0717059313131312,0.0005663031609764621,0.015572678929292929,32.24311941023021,33.95640656351435,3.2218812150282696,10.04344259259257,-3.416536796534243e-06,1.0687393,1.0710108,0.002271499999999982,1.0021254013958314,-0.00011412599999999912,3.147081523398466,5.303289272727272,228.32857696397892,-4.099791035006636,-0.017662507702373764,-0.0020629088460131294,-4.242504748076646,2.9708116108725178
b3c31,3,2018-04-12_batchdata_updated_struct_errorcorrect.mat,5.9C(60%)-3.1C-newstructure,731.0,730,730,730.0,0.88031369,"[3707764736, 2, 1, 1, 32, 1]","[3707764736, 2, 1, 1, 78, 1]",731.0,5.9,60.0,3.1,4.813157894736842,1.0707996878787878,0.0006479798904464651,0.015875272090909092,34.00003070157337,36.77304266866142,5.459950133016016,10.045700723905673,-8.999562152133179e-06,1.0681812,1.0698149,0.0016336999999999602,1.0015294221617081,-2.983200000000047e-05,3.2561377327874332,5.900500909090908,246.7325933462926,-3.839168513661697,-0.020034855533617835,-0.0007659943558415792,-4.050969378494153,2.8639173769578603
b3c33,3,2018-04-12_batchdata_updated_struct_errorcorrect.mat,5C(67%)-4C-newstructure,1284.0,1283,1283,1283.0,0.88079751,"[3707764736, 2, 1, 1, 34, 1]","[3707764736, 2, 1, 1, 80, 1]",1284.0,5.0,67.0,4.0,4.804804804804805,1.062159194949495,0.0006018904487705112,0.015340797171717173,33.10710984192206,34.284327507895505,2.6043357997044776,10.043259696969717,-1.2591045145338765e-05,1.060272,1.0609198,0.0006477999999998652,1.0006109752969048,-0.00015399299999999984,3.2350455776652374,5.006016818181818,221.73513824652494,-4.395463821299672,-0.013370370852355429,-0.0013331235662327366,-4.528254128253202,3.1085650237328344
b3c34,3,2018-04-12_batchdata_updated_struct_errorcorrect.mat,5.3C(54%)-4C-newstructure,1158.0,1157,1157,1157.0,0.88017184,"[3707764736, 2, 1, 1, 35, 1]","[3707764736, 2, 1, 1, 81, 1]",1158.0,5.3,54.0,4.0,4.7936687394007915,1.063246013131313,0.0007925772290505659,0.015302312080808081,35.77943527518051,38.98815031750086,6.7490705794721775,10.043539814814821,-2.115797278911987e-05,1.061535,1.0615493,1.430000000013365e-05,1.0000134710584203,-0.00010690799999999931,3.2463853503367512,5.303351636363636,223.4988381188587,-4.305224992817558,-0.012803384571875048,-0.0008454973697337078,-4.498046537927108,3.0637085593914173
b3c35,3,2018-04-12_batchdata_updated_struct_errorcorrect.mat,5.6C(19%)-4.6C-newstructure,1093.0,1092,1092,1092.0,0.88011736,"[3707764736, 2, 1, 1, 36, 1]","[3707764736, 2, 1, 1, 82, 1]",1093.0,5.6,19.0,4.6,4.803729603729602,1.0644993393939395,0.0006889583869454528,0.01537437201010101,35.532941501822236,38.53730929443863,6.297062351628934,10.043588619528593,-1.953093877550817e-05,1.0633804,1.0632331,-0.00014730000000007237,0.9998614794856102,-7.601500000000046e-05,3.225730328258921,5.606952999999999,222.36331773373027,-4.234423777950546,-0.014500725559528305,-0.0012990761083897615,-4.394789996194003,3.038620161949703
b3c36,3,2018-04-12_batchdata_updated_struct_errorcorrect.mat,5.6C(36%)-4.3C-newstructure,923.0,922,922,922.0,0.88060242,"[3707764736, 2, 1, 1, 37, 1]","[3707764736, 2, 1, 1, 83, 1]",923.0,5.6,36.0,4.3,4.8015952143569285,1.0593632474747476,0.0008542720214315269,0.0151344318989899,35.87907157748097,39.38680749559564,7.211118895183827,10.043494949494974,-2.197191960420188e-05,1.0575287,1.0577667,0.00023799999999996047,1.0002250529938337,-8.82880000000006e-05,3.2684913996231826,5.605191272727272,220.85562445916858,-4.253023408907191,-0.014149994677313371,-0.001076538629245539,-4.438689050200483,2.965201701025912
b3c38,3,2018-04-12_batchdata_updated_struct_errorcorrect.mat,5C(67%)-4C-newstructure,1935.0,1934,1934,1934.0,0.88000458,"[3707764736, 2, 1, 1, 39, 1]","[3707764736, 2, 1, 1, 85, 1]",1935.0,5.0,67.0,4.0,4.804804804804805,1.0719827515151514,0.0004599846346953916,0.01583589924242424,34.745836319764145,37.739090670595026,6.22805703918856,10.043707962962925,-8.787589363021427e-06,1.0701473,1.0710695,0.0009221999999999841,1.0008617505272406,-0.00011589700000000022,3.209764030232093,5.003679454545455,229.49080929555117,-4.341618532018267,-0.01163973792098516,-0.00018581557228567337,-4.514914356801639,3.28668096935493
b3c39,3,2018-04-12_batchdata_updated_struct_errorcorrect.mat,5.3C(54%)-4C-newstructure,1156.0,1155,1155,1155.0,0.88043225,"[3707764736, 2, 1, 1, 40, 1]","[3707764736, 2, 1, 1, 86, 1]",1156.0,5.3,54.0,4.0,4.7936687394007915,1.0505830505050504,0.0007780722204785113,0.015563160080808082,33.887021839840784,36.074946023996944,4.679261680122357,10.043092710437712,-6.583238095233322e-06,1.0474036,1.0495038,0.0021002000000001075,1.0020051487315875,-0.00015527400000000038,3.2959783271461567,5.303251090909091,226.6664975365558,-4.454200564792302,-0.011806919714134945,-0.0007774406088627923,-4.525069635565015,3.0629578340845103
b3c40,3,2018-04-12_batchdata_updated_struct_errorcorrect.mat,5.6C(19%)-4.6C-newstructure,796.0,795,795,795.0,0.88070726,"[3707764736, 2, 1, 1, 41, 1]","[3707764736, 2, 1, 1, 87, 1]",796.0,5.6,19.0,4.6,4.803729603729602,1.062999387878788,0.0008155671570181545,0.015390749383838383,34.05341123035083,37.527810173662246,6.587161518021938,10.043764865319858,-7.692147186143209e-06,1.0593235,1.0617574,0.002433899999999989,1.0022975984201237,-0.00023430500000000062,3.148045944067935,5.605437545454545,222.87073230426515,-4.294673763163302,-0.01412282354669847,-0.0011478905434519741,-4.459092671183437,2.900913067737669
b3c41,3,2018-04-12_batchdata_updated_struct_errorcorrect.mat,5.6C(36%)-4.3C-newstructure,786.0,785,785,785.0,0.88062328,"[3707764736, 2, 1, 1, 42, 1]","[3707764736, 2, 1, 1, 88, 1]",786.0,5.6,36.0,4.3,4.8015952143569285,1.0543741434343434,0.0006872741398439975,0.018306992535353537,33.640262798950594,36.62919119540175,5.803734783120972,10.043162962962906,9.732244897959292e-06,1.0505219,1.0541531,0.0036312000000000566,1.0034565676355724,-0.00017313199999999945,3.2342382972349544,5.603984454545453,267.43888464855695,-4.219074858982626,-0.015742648377654378,-0.0012977052035803905,-4.361839660595884,2.895422546039408
b3c44,3,2018-04-12_batchdata_updated_struct_errorcorrect.mat,5.3C(54%)-4C-newstructure,940.0,939,939,939.0,0.88046378,"[3707764736, 2, 1, 1, 45, 1]","[3707764736, 2, 1, 1, 91, 1]",940.0,5.3,54.0,4.0,4.7936687394007915,1.07331738989899,0.000689991490703951,0.015572503777777776,33.35164903826186,36.336163666791506,5.697819000410934,10.043212407407367,4.689736549163306e-06,1.06972,1.0729284,0.003208399999999889,1.0029992895337096,-0.00010574500000000084,3.1464884153183967,5.303420999999999,228.37169657629923,-4.131061010602478,-0.015862716555528955,-0.001108645764516144,-4.305346710109305,2.9731278535996988
b3c45,3,2018-04-12_batchdata_updated_struct_errorcorrect.mat,4.8C(80%)-4.8C-newstructure,1801.0,1800,1800,1800.0,0.88047254,"[3707764736, 2, 1, 1, 46, 1]","[3707764736, 2, 1, 1, 92, 1]",1801.0,4.8,80.0,4.8,4.8,1.0714658575757574,0.0004595824842337534,0.015618692474747477,32.72596355233115,34.6817726725469,3.8291513620557684,11.038587558922575,-1.2584539269261775e-07,1.0695485,1.0711251,0.001576599999999928,1.0014740799505586,-7.953999999999947e-05,2.9650242564491265,4.367783272727273,205.37187347896915,-4.520416288811736,-0.01056013013925483,-0.0012139218609403606,-4.675938420105443,3.2555137128195333
