cell_id,batch,cycle_life,knee,slope_before,slope_after,sse,improvement,knee_fraction
b1c5,1,1074.0,884.8513513513514,-6.996022855959563e-05,-0.0007165954733903895,0.031997946644691286,0.9424046141704586,0.8238839398057275
b1c6,1,636.0,511.8216216216216,-0.0001089865272209309,-0.0011357551059256914,0.015029383533505431,0.9584520561400329,0.8047509773924868
b1c7,1,870.0,642.8770270270269,-7.661449879321742e-05,-0.0007131303158550751,0.02534349446680182,0.9615709745712046,0.7389391115253182
b1c9,1,1054.0,788.8297297297296,-6.145645771611492e-05,-0.0005568291127626643,0.028619212508744322,0.9569220754605192,0.7484153033488895
b1c11,1,788.0,589.6891891891892,-6.085485950296039e-05,-0.0007090026588305045,0.013314715740270672,0.9715207865024811,0.7483365345040471
b1c14,1,880.0,650.2689189189189,-6.262488871246246e-05,-0.0006705549479465711,0.013182535063207223,0.9784548418204646,0.7389419533169532
b1c15,1,719.0,551.5783783783784,-6.518148023395938e-05,-0.0008929153010215772,0.012860796500995341,0.9738862818544659,0.7671465624177725
b1c16,1,862.0,669.4662162162161,-6.2880551699196e-05,-0.0008399027718299814,0.018782310953354475,0.9726434620675486,0.7766429422461905
b1c17,1,857.0,649.4243243243243,-5.8609112690259306e-05,-0.0007461338065216144,0.018343097137461184,0.97075381879181,0.7577880097133306
b1c18,1,691.0,562.8121621621622,-0.00012248990253524108,-0.0009587873802742138,0.00633059292915066,0.9764289968092889,0.8144893808424922
b1c19,1,788.0,574.8378378378377,-8.788787218816384e-05,-0.000738931839557845,0.011385574383944407,0.9788676901866421,0.7294896419261899
b1c20,1,534.0,414.6013513513513,-0.00026913760275511017,-0.0007121106547647901,0.005780844007923526,0.8990327398534138,0.7764070250025306
b1c21,1,559.0,439.28648648648647,-0.00019963050382933883,-0.0009173979771686022,0.010826649508659513,0.9288147965512845,0.7858434463085625
b1c23,1,1014.0,768.4472972972973,-6.315505391568919e-05,-0.0005951550040465956,0.025460954585001753,0.9595686225150886,0.7578375712991098
b1c24,1,1017.0,751.5378378378377,-6.322894027089755e-05,-0.0005375992831204802,0.020084447379370485,0.9655552390199562,0.7389752584442849
b1c25,1,854.0,606.8999999999999,-6.558499751578199e-05,-0.0006147261130859615,0.012879714997677365,0.9767378007117573,0.7106557377049179
b1c26,1,870.0,651.0783783783783,-7.211783518958966e-05,-0.0007209873815714151,0.021256231061846407,0.9664829693269898,0.7483659521590554
b1c27,1,842.0,638.0527027027026,-7.013531419224829e-05,-0.0007302926148684916,0.01898699620597059,0.9655616440578781,0.7577823072478653
b1c28,1,860.0,627.3783783783782,-6.900169534473829e-05,-0.0006759461702469959,0.012534271824668233,0.9794063066178402,0.7295097423004397
b1c29,1,917.0,677.6189189189188,-7.067666817393956e-05,-0.0006348514855982601,0.015592643549026763,0.9739736666717345,0.7389519290282648
b1c30,1,709.0,550.581081081081,-7.785539735453089e-05,-0.0009910849060676167,0.012917146970142967,0.9754315088607178,0.7765600579422863
b1c31,1,876.0,672.0864864864865,-7.446781620632249e-05,-0.0008019584813373569,0.016168850097289432,0.976458652671706,0.767222016537085
b1c32,1,731.0,547.0162162162161,-8.10297387767269e-05,-0.0008557187553648706,0.013510158971600713,0.9745722793927903,0.7483121972862053
b1c33,1,757.0,559.3486486486486,-8.731279803541819e-05,-0.0008455631215917374,0.019718784587401072,0.9677854192536461,0.7389017815702095
b1c34,1,742.0,583.2135135135135,-7.274611708983174e-05,-0.000975807193244928,0.017318295612189206,0.9679886726601301,0.7860020397756247
b1c35,1,703.0,519.4324324324324,-6.696669000358665e-05,-0.0008456926382486942,0.015207184741358435,0.9704946679764409,0.7388797047403021
b1c36,1,704.0,520.1716216216215,-7.463246134878518e-05,-0.0008668686026158951,0.012694323753307875,0.9761661999021507,0.7388801443488942
b1c37,1,648.0,484.87837837837833,-8.609193723501373e-05,-0.0009310573905396644,0.011171349963401115,0.9746087958868616,0.748269102435769
b1c38,1,617.0,473.28648648648647,-8.552625240552123e-05,-0.001089840196268856,0.013005004685843567,0.9716567151154527,0.7670769635113233
b1c39,1,625.0,467.6594594594594,-8.34196943598651e-05,-0.0010624742084706516,0.012841623830098702,0.9757365246416023,0.7482551351351351
b1c40,1,966.0,686.5108108108107,-6.535337414641183e-05,-0.0005393833193003586,0.02792632247391898,0.9543329528244153,0.7106737171954561
b1c41,1,1051.0,796.4972972972972,-6.53316619405357e-05,-0.0005736630588782372,0.01959832749702022,0.9690879948338624,0.7578470954303494
b1c42,1,702.0,492.2445945945946,-7.270425434284719e-05,-0.0007926380965459964,0.01118682407035066,0.9799031910614048,0.7012031262031262
b1c43,1,651.0,487.1243243243243,-8.016689584514762e-05,-0.0009183599210181639,0.007587215102276983,0.9825757074537415,0.7482708514966578
b1c44,1,616.0,426.12972972972966,-9.036477323850382e-05,-0.0008852020611236729,0.011038225647005693,0.9771972667760409,0.6917690417690416
b1c45,1,599.0,425.64324324324315,-8.736382304850692e-05,-0.0009726952902756585,0.01163963512455805,0.9765112945704648,0.7105897216080854
b2c0,2,477.0,366.3621621621621,-9.532936663280271e-05,-0.0016767788676692818,0.04469872077740955,0.9203324074356316,0.7680548473001302
b2c1,2,491.0,349.29729729729723,-0.00016148046781433854,-0.001101557353921853,0.043370406596646656,0.8750260666431965,0.711399790829526
b2c2,2,424.0,333.6837837837838,-0.00011520299718218317,-0.0015250106457933756,0.03778804993032056,0.8643496599320108,0.7869900560938297
b2c3,2,499.0,378.5378378378378,-0.0001414382037705955,-0.00135766092175429,0.04288866433460649,0.8984474324179477,0.7585928613984726
b2c4,2,444.0,315.8891891891891,-0.00015459793312923515,-0.0011366802965379881,0.02889430946941652,0.8945552940260101,0.711462137813489
b2c5,2,416.0,244.95270270270265,-0.00022598267833396756,-0.0008615345177600277,0.011926190549524438,0.9204124093816197,0.5888286122661122
b2c6,2,393.0,268.51351351351354,-0.00011347323999864998,-0.0013263886184296052,0.028864929106394946,0.9131980509159935,0.6832404924007979
b2c7,2,777.0,589.2918918918919,-8.966144482422825e-05,-0.000781568605637528,0.043073816409538355,0.9148730679721608,0.7584194232842881
b2c8,2,904.0,694.1135135135135,-3.361310968654601e-05,-0.0008619526053636591,0.043052446460865514,0.9571658278827021,0.7678246830901697
b2c9,2,791.0,607.3783783783783,-4.8642557492200075e-05,-0.0009144447398229872,0.05299431255962264,0.9300279469372126,0.7678614138791129
b2c10,2,492.0,345.36351351351357,-7.747234242882215e-05,-0.001308546881613692,0.03974137328180125,0.9330856957854545,0.7019583607998243
b2c11,2,449.0,340.6324324324324,-3.480237382412483e-05,-0.001826980147332499,0.035593361080471855,0.9440453975864587,0.7586468428339251
b2c12,2,466.0,305.1351351351351,-0.0001262539339779506,-0.0010739652854751447,0.03158966797171685,0.917524394451967,0.6547964273286161
b2c13,2,460.0,331.604054054054,-0.0001084371345217541,-0.001300247310377795,0.025507772397591673,0.936802168687379,0.7208783783783783
b2c14,2,426.0,323.19594594594594,-0.00020125902715730043,-0.0013272593432677039,0.016798992543569948,0.9234006386490832,0.7586759294505773
b2c15,2,396.0,274.2972972972973,-0.00012351376719606303,-0.0011789427386320072,0.023738899397286954,0.9041619117206805,0.6926699426699426
b2c16,2,472.0,335.7918918918918,-0.00014761983396133956,-0.001129598735670644,0.03292395680031586,0.8994072934377118,0.7114234997709572
b2c17,2,471.0,299.5135135135135,-0.0001316728697456985,-0.0008946185125556425,0.025351083450231265,0.9087769782264765,0.6359097951454639
b2c18,2,449.0,344.8702702702702,-0.00010863560283398834,-0.0014247149264078858,0.03241422031291779,0.902004528310861,0.7680852344549448
b2c19,2,392.0,290.0229729729729,-9.880402957789117e-05,-0.0016433008581277916,0.0292381242028944,0.9218238940435977,0.739854522890237
b2c20,2,489.0,384.8054054054054,-1.914223966210839e-05,-0.0018907781449780277,0.03584535189747385,0.947766634407628,0.7869231194384568
b2c21,2,408.0,290.29999999999995,-8.664191370406572e-05,-0.0015371263943332442,0.028297841340787933,0.936166686173449,0.7115196078431372
b2c24,2,514.0,380.204054054054,-7.732610074886076e-05,-0.0013126949524705487,0.03618620700358184,0.9320947926245748,0.7396966032180039
b2c25,2,493.0,387.9513513513513,-3.980716466274282e-05,-0.0018143193978155,0.03366930993824669,0.9467908418307,0.7869195767775888
b2c26,2,450.0,324.4013513513513,-0.00017172097778450488,-0.001266030477865335,0.03270893093716701,0.9012302295374305,0.7208918918918918
b2c27,2,474.0,364.05945945945945,-3.676988958453863e-05,-0.0017406535404464972,0.033151383854651696,0.9466471552204871,0.7680579313490705
b2c28,2,437.0,310.91351351351346,-0.00012188761039396974,-0.00131442107303609,0.03309756730840273,0.9123778476203144,0.7114725709691384
b2c29,2,452.0,338.6405405405405,-3.8221955485676276e-05,-0.001772357316871567,0.03536995052741995,0.945986158900659,0.7492047357091604
b2c30,2,412.0,304.8067567567567,-0.00016067085428759544,-0.0013444329409418873,0.019466140230062618,0.9235244513860974,0.7398222251377591
b2c31,2,425.0,298.372972972973,-0.0001638939124266678,-0.0012039292414561169,0.03120449778454409,0.8909851705253394,0.7020540540540541
b2c32,2,809.0,605.9081081081081,-8.557804438679131e-05,-0.0007044914344930547,0.03886441571671491,0.9207538803471105,0.748959342531654
b2c33,2,1140.0,907.5824324324324,-5.722956273004899e-05,-0.0005924772091229142,0.010875038976675843,0.9824243073324704,0.7961249407302038
b2c34,2,1186.0,944.1959459459459,-5.984617118317176e-05,-0.0005370023725009619,0.014748570810190133,0.9735997351860581,0.7961179982680826
b2c41,2,442.0,318.63918918918915,-0.00012997377015390525,-0.0014145471974049326,0.03547440269872265,0.9165720530640793,0.7209031429619664
b2c42,2,474.0,337.2135135135134,-3.71430769329829e-05,-0.001473355904247775,0.03711503997424817,0.9450024043001884,0.7114209145854713
b2c43,2,1029.0,809.5081081081081,-4.783232130111811e-05,-0.0007721626525517904,0.05185261743991866,0.9458011892397102,0.7866939826123499
b2c44,2,841.0,693.4324324324324,-4.340116309040501e-05,-0.001255832877208197,0.043806544031324085,0.953073807200479,0.8245332133560432
b2c45,2,997.0,746.654054054054,-4.04263641622308e-05,-0.0007142824498702619,0.06388930154120243,0.940029435141439,0.748900756323023
b2c46,2,503.0,381.5702702702702,-0.00013732332436546725,-0.0013707221703067223,0.03876781331417058,0.911579488785636,0.7585890065015313
b3c0,3,1009.0,840.6202702702703,-6.200601338601348e-05,-0.0007825418691855037,0.023546720695847546,0.9526788736033909,0.8331221707336673
b3c1,3,1063.0,865.5716216216216,-5.782057615275832e-05,-0.0006888599039651207,0.014281380040404787,0.974596117796123,0.8142724568406601
b3c3,3,1115.0,907.9445945945946,-5.679491971695622e-05,-0.0006435644511668201,0.017105149856669798,0.9696597442183048,0.8143000848382015
b3c4,3,1048.0,813.7702702702702,-6.196714834642486e-05,-0.0006060196836220399,0.023633354430065884,0.9615128294685177,0.7764983494945327
b3c5,3,828.0,681.8918918918919,-8.237692805426692e-05,-0.0007775810283504526,0.019828379814038337,0.9334643341443694,0.8235409322365844
b3c6,3,667.0,467.3986486486487,-0.000209917540366604,-0.00039783193668791,0.001154233760425304,0.9651945334168839,0.7007475991733864
b3c7,3,1836.0,1426.0675675675675,-4.1499142707167755e-05,-0.00031059660056274066,0.025505326906567514,0.9682092663163828,0.776725254666431
b3c8,3,828.0,681.8918918918919,-7.032968488204003e-05,-0.0008946699410426232,0.021608905365619248,0.947644833171905,0.8235409322365844
b3c9,3,1039.0,846.0148648648649,-5.3906546255692164e-05,-0.0007390735426355073,0.031028311551409032,0.951074132078225,0.8142587727284551
b3c10,3,1078.0,877.7945945945946,-5.616079278095408e-05,-0.0006994501076696978,0.015702210909054923,0.9742380447565672,0.8142806999949858
b3c11,3,817.0,641.9864864864865,-8.485019982246974e-05,-0.0007406477907190782,0.022858474778379143,0.9418396298766626,0.785785173178074
b3c12,3,932.0,750.027027027027,-6.040122928844662e-05,-0.0007908433279529625,0.03205461887446701,0.9453624741605431,0.804750028998956
b3c13,3,816.0,625.8,-8.419591816892959e-05,-0.0006627310442410129,0.022422512489836885,0.9388030843205853,0.7669117647058823
b3c14,3,858.0,666.1351351351351,-6.858102198750313e-05,-0.0007200787650701669,0.030449085638732148,0.9384895756122216,0.7763812763812763
b3c15,3,876.0,671.854054054054,-7.745387561402313e-05,-0.000632295595991131,0.02716974227803076,0.9350963375949572,0.7669566827101073
b3c16,3,1638.0,1303.1675675675676,-4.692868520815121e-05,-0.00037104774876920414,0.011262434894020103,0.9832080742685296,0.7955845955845956
b3c17,3,1315.0,1021.2364864864865,-5.169513135561408e-05,-0.00045380234936175584,0.00970748640833272,0.9849944891756395,0.7766056931456171
b3c18,3,1146.0,900.7405405405405,-6.016687114361285e-05,-0.0005570700870291523,0.012328771910255235,0.9794132334066641,0.7859865100702796
b3c19,3,1155.0,907.8189189189188,-6.0216135361814586e-05,-0.0005686912590934324,0.0089836916910884,0.9859133641888851,0.7859904059904059
b3c20,3,813.0,677.1986486486487,-6.934403452857987e-05,-0.0010113683851491518,0.019435408704886185,0.9561761229763077,0.8329626674645125
b3c21,3,772.0,599.3108108108107,-0.00015468646681629343,-0.00047396765246525874,0.005753901294420911,0.9338832254399528,0.7763093404285113
b3c22,3,1002.0,863.162162162162,-5.544414080243533e-05,-0.0008500957608128928,0.021483200088652413,0.9431895403018408,0.861439283594972
b3c24,3,825.0,679.418918918919,-7.098016105734098e-05,-0.000782586554059209,0.02117062951648454,0.9315923466796833,0.8235380835380836
b3c25,3,989.0,823.9445945945946,-5.959972720112029e-05,-0.000788130388147251,0.01764214007118718,0.9627832095587578,0.8331087912988823
b3c26,3,1028.0,798.2297297297297,-6.155996985707506e-05,-0.0006264277410811224,0.01820748631727572,0.9705819951343511,0.7764880639394257
b3c27,3,850.0,675.9621621621621,-7.142799687849999e-05,-0.0007539136743650276,0.01940525405638276,0.9546640428066153,0.7952496025437201
b3c28,3,541.0,373.9297297297297,-0.00023387612554492642,-0.00048333162758966886,0.00172525226195019,0.9483895900847821,0.6911824948793525
b3c29,3,858.0,666.1351351351351,-7.89707748631672e-05,-0.0006808524711186391,0.023752920009923705,0.9434804758182882,0.7763812763812763
b3c30,3,935.0,761.2689189189189,-5.942011557556025e-05,-0.000779183158719492,0.02655610948651919,0.9480996575739856,0.8141913571325335
b3c31,3,731.0,595.0364864864865,-7.448907160759268e-05,-0.0010283864494959325,0.020027655626250217,0.9531326970298912,0.8140034014863017
b3c33,3,1284.0,1082.0378378378375,-5.212023335845627e-05,-0.0006035471097446103,0.012485934503987635,0.9754667709048517,0.842708596446914
b3c34,3,1158.0,921.1135135135135,-5.798721737540251e-05,-0.0005532935017678486,0.006622129244088211,0.9879768147113082,0.7954348130513933
b3c35,3,1093.0,848.7364864864865,-6.231525691614031e-05,-0.0005394496916049646,0.01633581159824279,0.969264779608755,0.7765201157241414
b3c36,3,923.0,795.0513513513512,-7.146226551841445e-05,-0.0008779366525471129,0.02124809490095747,0.9311202757079949,0.8613774120816372
b3c38,3,1935.0,1521.2783783783782,-4.2222579845251726e-05,-0.00028876098638315906,0.019766039289246085,0.9723486001656848,0.7861903764229344
b3c39,3,1156.0,1006.8513513513512,-5.751995834581992e-05,-0.0007365751213613211,0.01640021894908744,0.9531878927401928,0.8709786776395771
b3c40,3,796.0,617.9594594594594,-7.963028953213592e-05,-0.0007042570521571281,0.019589860106547625,0.9456705033311683,0.7763309792204264
b3c41,3,786.0,602.7729729729729,-6.252638865133443e-05,-0.0007062466860849276,0.0189227903071402,0.9526344238409157,0.7668867340623065
b3c44,3,940.0,783.0891891891893,-5.728600807847108e-05,-0.0008644170248793013,0.032174304626130495,0.9373065553614326,0.8330736055204141
b3c45,3,1801.0,1432.9067567567567,-4.6272005780913204e-05,-0.00034235391887524254,0.025736938248727557,0.9660099068866219,0.7956172996983658
