구분,MAPE (%) 또는 Gap (%p),비고
Train (Batch 1 CV),7.719722731583028,"정책 그룹 5-fold, 평균 ± 표준편차 7.720 ± 2.564%"
Valid (Batch 1 Hold-out),7.206879624104877,개발 데이터와 정책이 겹치지 않는 8개 셀
Test (Batch 2),43.45448376441216,"과제 지정 2018-02-20, 39개 셀"
Gap (Train-Valid),-0.512843107478151,Valid − CV; 양수이면 내부 검증 오차 증가
Gap (Valid-Test),36.24760414030728,Batch 2 − Valid; 양수이면 외부 평가 오차 증가
Gap (Target-Test),34.35448376441216,Batch 2 − 9.1; 서로 다른 코호트·분리 조건의 참고 비교
Test (Batch 3),11.71164675686287,"추가 평가, 2018-04-12, 40개 셀"
Gap (Batch2-Batch3),-31.74283700754929,Batch 3 − Batch 2; 양수이면 Batch 3 오차가 더 큼
"Gap (Target-Test, Batch 3)",2.6116467568628696,Batch 3 − 9.1; 논문 목표와의 참고 비교
