batch,charging_policy,mean,std,count
1,4.4C(80%)-4.4C,1074.0,,1
1,4.8C(80%)-4.8C,753.0,165.46298679765212,2
1,5.4C(40%)-3.6C,1054.0,,1
1,5.4C(50%)-3C,788.0,,1
1,5.4C(60%)-3.6C,859.5,3.5355339059327378,2
1,5.4C(60%)-3C,799.5,113.84419177103415,2
1,5.4C(70%)-3C,739.5,68.58935777509511,2
1,5.4C(80%)-5.4C,546.5,17.67766952966369,2
1,6C(30%)-3.6C,1014.0,,1
1,6C(40%)-3.6C,856.0,19.79898987322333,2
1,6C(40%)-3C,935.5,115.25840533340725,2
1,6C(50%)-3.6C,792.5,118.08683245815344,2
1,6C(50%)-3C,888.5,40.30508652763321,2
1,6C(60%)-3C,744.0,18.384776310850235,2
1,7C(30%)-3.6C,722.5,27.577164466275352,2
1,7C(40%)-3.6C,621.0,5.656854249492381,2
1,7C(40%)-3C,676.0,39.59797974644666,2
1,8C(15%)-3.6C,1008.5,60.10407640085654,2
1,8C(25%)-3.6C,676.5,36.062445840513924,2
1,8C(35%)-3.6C,607.5,12.020815280171307,2
2,3.6C(30%)-6C,421.0,7.0710678118654755,2
2,3.6C(9%)-5C,394.5,2.1213203435596424,2
2,4.65C(44%)-5C,482.5,23.33452377915607,2
2,4.65C(69%)-6C,452.0,11.313708498984761,2
2,4.8C(80%)-4.8C,483.6,30.319960422137754,5
2,4.8C(80%)-4.8C-newstructure,871.6666666666666,137.19086461325819,3
2,5.2C(50%)-4.25C,454.0,20.916500663351883,5
2,5.2C(58%)-4C,477.75,18.46392879824515,4
2,5.2C(58%)-4C-newstructure,961.6666666666666,157.62085310431905,3
2,5.6C(26%)-4.5C,448.5,29.12559012277692,6
2,5.6C(26%)-4.5C-newstructure,991.3333333333334,197.56096105590632,3
2,6C(60%)-3C,400.0,11.313708498984761,2
3,3.7C(31%)-5.9C-newstructure,660.0,115.65898149300814,3
3,4.8C(80%)-4.8C-newstructure,1588.25,350.9381474467165,4
3,5.3C(54%)-4C-newstructure,1074.375,129.67424846239024,8
3,5.6C(19%)-4.6C-newstructure,963.4285714285714,148.689673641511,7
3,5.6C(36%)-4.3C-newstructure,930.875,135.0242703051143,8
3,5.9C(15%)-4.6C-newstructure,867.0,12.727922061357855,2
3,5.9C(60%)-3.1C-newstructure,866.5,191.6259377015544,2
3,5C(67%)-4C-newstructure,1115.6666666666667,440.4241894658679,6
