cell_id,subset,delta_q_logvar,delta_q_min,QD_2,QD_slope
b1c5,Hold-out,0.10459153584318051,0.011410947971943615,-0.0032688387079548493,0.0
b1c6,Hold-out,-0.0007114758563649406,-0.002331466463213035,-0.004094935951078931,0.0
b1c7,Hold-out,0.010745535539506969,-0.0010376475205264375,0.047120252348024805,0.0
b1c23,Hold-out,0.06912643212367338,0.007576089951551856,0.005727326180367176,0.0
b1c38,Hold-out,-0.08696483243481354,-0.008344929051599836,-0.012289150180068537,0.0
b1c39,Hold-out,-0.0686047294491158,-0.009188972822717236,0.012783526119138727,0.0
b1c40,Hold-out,0.07282977456917057,0.006753185141778277,0.01711741179351826,0.0
b1c41,Hold-out,0.07701653537948702,0.007715128364683564,0.004784189025219114,0.0
b2c0,Batch 2,-0.07304002077166437,-0.006021519963376007,0.07024614583872915,0.0
b2c1,Batch 2,-0.12163695017300277,-0.005353961985473335,0.08097717175310204,-0.0
b2c2,Batch 2,-0.0799788284102658,-0.007408439686625296,-0.005371864117461602,0.0
b2c3,Batch 2,-0.07073409046650149,-0.022780851284015774,0.053063720890196106,0.0
b2c4,Batch 2,-0.1384711886993963,-0.01611591075068916,0.03606992337269243,-0.0
b2c5,Batch 2,-0.17612987400715202,-0.017113507006702743,0.06146531166233571,-0.0
b2c6,Batch 2,-0.06205386450266306,-0.012106506024191593,0.03205647706909852,0.0
b2c7,Batch 2,0.11815048479401356,0.011755004926912564,0.03749911705568933,0.0
b2c8,Batch 2,0.08495497149530215,0.006680785998012142,0.03794028934543137,-0.0
b2c9,Batch 2,0.14711024498086042,0.014930072609107182,0.05026527386749603,-0.0
b2c10,Batch 2,-0.08237980138301369,-0.0002563083046293143,0.09090738331796866,0.0
b2c11,Batch 2,-0.07352070976588708,-0.011066700491090644,0.05295151029493008,0.0
b2c12,Batch 2,-0.15504702159210615,-0.017429373827977865,0.06922517146053571,0.0
b2c13,Batch 2,-0.10972066892913665,-0.004243444970608636,0.05158623403961589,0.0
b2c14,Batch 2,-0.16774717974561734,-0.017210066575987743,0.020485718193696028,-0.0
b2c15,Batch 2,-0.06559506547897857,-0.004814303998441829,-0.02138502625557595,0.0
b2c16,Batch 2,-0.07108390319070268,-0.0030102910750240417,0.049028968777374,-0.0
b2c17,Batch 2,-0.0696807699010945,-0.008560751537504734,0.041021961592132346,0.0
b2c18,Batch 2,-0.016526230058717832,-0.0015743607576207536,-0.004681839975938672,0.0
b2c19,Batch 2,-0.12320194812163271,-0.007986151498214251,0.03682585348409254,0.0
b2c20,Batch 2,-0.0848440666112553,-0.02098914028205399,0.05808990332574833,0.0
b2c21,Batch 2,-0.11428430727510171,-0.007260310812748952,0.06055484341467034,0.0
b2c24,Batch 2,-0.03358466504537173,0.0018940872002965253,0.04268097393733232,0.0
b2c25,Batch 2,-0.06091396124074164,-0.004912378873801452,0.06124912871803816,0.0
b2c26,Batch 2,-0.14115595391741792,-0.012392681068509144,0.07691372781718686,-0.0
b2c27,Batch 2,-0.07331256634504302,-0.010034327811569026,0.04343804035855858,0.0
b2c28,Batch 2,-0.08943996763830024,-0.005299312267740724,0.03741673459334189,0.0
b2c29,Batch 2,-0.06765072061596188,-0.0033990761886465194,0.07365820016718819,0.0
b2c30,Batch 2,-0.15056748581059629,-0.012714498085867719,0.049316171085764506,-0.0
b2c31,Batch 2,-0.10768880663896978,-0.011810524445482517,0.06173546932334353,0.0
b2c32,Batch 2,0.092414449455426,0.01333070092086978,0.030903122596236367,-0.0
b2c33,Batch 2,0.1181397565845067,0.016017022737535618,-0.011370443686168043,-0.0
b2c34,Batch 2,0.17386221175254524,0.016126507228762618,-0.02870200929929595,-0.0
b2c41,Batch 2,-0.15391759764607266,-0.026147451088089208,0.07852331068497925,0.0
b2c42,Batch 2,-0.07424128351729989,0.0022287798763109515,0.07149381402710567,0.0
b2c43,Batch 2,0.12845267204279381,0.018279916128743332,0.0572589767658663,-0.0
b2c44,Batch 2,0.15227209448531287,0.014847068386145716,0.054863067498842746,-0.0
b2c45,Batch 2,0.10365073984119262,0.00871705452988158,0.07317214363933935,-0.0
b2c46,Batch 2,-0.06748969596912159,-0.008792287183340696,0.06722895917462458,0.0
b3c0,Batch 3,0.121603596138493,0.012863502827342178,-0.027902615337070457,0.0
b3c1,Batch 3,0.13198694409492892,0.012970465438333726,-0.03470570226221688,-0.0
b3c3,Batch 3,0.08859827280626803,0.007022862061439945,-0.0408733079174637,-0.0
b3c4,Batch 3,0.10448564465219294,0.009191961059364219,-0.013637949942912495,0.0
b3c5,Batch 3,0.08803739421117435,0.011961872206552277,-0.07336779184179146,-0.0
b3c6,Batch 3,-0.06316635046968769,0.0018541933837717415,-0.04165963431669611,-0.0
b3c7,Batch 3,0.18417600183114546,0.01642194285816469,-0.02771313567367212,0.0
b3c8,Batch 3,0.08222769509198291,0.009941257325814747,-0.03562639729831186,0.0
b3c9,Batch 3,0.05410234256889452,0.010141725088402276,-0.022142944909171187,0.0
b3c10,Batch 3,0.16430037889576157,0.015837329478900406,-0.04403963524616312,0.0
b3c11,Batch 3,0.029092678611942917,0.004979043057213389,-0.02616178868443612,-0.0
b3c12,Batch 3,0.04498285243534668,0.009590174230380505,-0.008840449859737828,0.0
b3c13,Batch 3,0.08291158099643536,0.009040551187678755,-0.03329184876186408,-0.0
b3c14,Batch 3,0.05856378442171105,0.00819764764937878,-0.012987128490369421,0.0
b3c15,Batch 3,0.05882491709832912,0.008687686789846268,-0.025165244967490247,0.0
b3c16,Batch 3,0.23702560058545658,0.020253031503767515,-0.04621453225213053,0.0
b3c17,Batch 3,0.17158353363494536,0.01707865267814717,-0.030753900766655278,0.0
b3c18,Batch 3,0.12389897821544243,0.012541246437578557,-0.026287350920151758,-0.0
b3c19,Batch 3,0.1028100945983917,0.012140446296119049,-0.015205205269705665,-0.0
b3c20,Batch 3,0.07568887626271122,0.007474591788317452,-0.03473439408531059,0.0
b3c21,Batch 3,-0.017290588660748507,0.007393584639828336,-0.02676289658211445,-0.0
b3c22,Batch 3,0.07067483658891026,0.01240105032501184,-0.05969315532451324,-0.0
b3c24,Batch 3,0.09852429355525784,0.010327460314841717,-0.0880756180678866,0.0
b3c25,Batch 3,0.09629129213158931,0.008677535479312144,-0.0458702303750104,0.0
b3c26,Batch 3,0.11502666475366129,0.010781138150319941,-0.014938740615630292,0.0
b3c27,Batch 3,0.09207186947213516,0.008464924917397141,-0.04789598671638421,0.0
b3c28,Batch 3,-0.08218517583573177,-0.003912785179026526,-0.07218546146837969,-0.0
b3c29,Batch 3,0.07497780030316079,0.005945400762603985,-0.030988548745616937,0.0
b3c30,Batch 3,0.08439071861584495,0.007976174789460793,-0.024254492642368338,0.0
b3c31,Batch 3,0.01745332302522415,0.004825747367001955,-0.025839928926369073,0.0
b3c33,Batch 3,0.16033030418712976,0.013676041164516144,-0.04830818310557664,-0.0
b3c34,Batch 3,0.13715367260298922,0.01442898687621081,-0.04472028483162541,-0.0
b3c35,Batch 3,0.1189693311140309,0.012174954173948057,-0.039477919451775,-0.0
b3c36,Batch 3,0.1237463966138183,0.012640717319925627,-0.05610127996617241,-0.0
b3c38,Batch 3,0.14650086454115802,0.015974284859387847,-0.02025468205668058,0.0
b3c39,Batch 3,0.17541604817648865,0.01575227099669101,-0.08486440650108101,0.0
b3c40,Batch 3,0.13444373092300807,0.01267680000302168,-0.05100265777924518,0.0
b3c41,Batch 3,0.11502716734574998,0.01052570710685601,-0.07600601917909873,0.0
b3c44,Batch 3,0.09242199202908,0.010366259122391426,-0.021468545027748896,0.0
b3c45,Batch 3,0.19242266790426726,0.01740798101315946,-0.021955737865423246,0.0
