cell_id,batch,charging_policy,actual,model,subset,fold,predicted,error_cycles,absolute_percentage_error,seen_training_policy,outside_training_target_range,life_range
b1c18,1,5.4C(70%)-3C,691.0,ElasticNet / discharge,CV OOF,1.0,643.4459871025915,-47.55401289740848,6.881912141448406,False,False,500–1000
b1c19,1,5.4C(70%)-3C,788.0,ElasticNet / discharge,CV OOF,1.0,714.5793405660551,-73.42065943394493,9.317342567759509,False,False,500–1000
b1c28,1,6C(50%)-3C,860.0,ElasticNet / discharge,CV OOF,1.0,789.4824116300906,-70.51758836990939,8.19971957789644,False,False,500–1000
b1c29,1,6C(50%)-3C,917.0,ElasticNet / discharge,CV OOF,1.0,796.0844721494833,-120.9155278505167,13.185989950983284,False,False,500–1000
b1c44,1,8C(35%)-3.6C,616.0,ElasticNet / discharge,CV OOF,1.0,630.266897173018,14.266897173018036,2.3160547358795514,False,False,500–1000
b1c45,1,8C(35%)-3.6C,599.0,ElasticNet / discharge,CV OOF,1.0,627.3717957833231,28.371795783323137,4.736526841957118,False,False,500–1000
b1c14,1,5.4C(60%)-3C,880.0,ElasticNet / discharge,CV OOF,2.0,885.448075680169,5.44807568016904,0.6190995091101182,False,False,500–1000
b1c15,1,5.4C(60%)-3C,719.0,ElasticNet / discharge,CV OOF,2.0,820.4283935894176,101.42839358941762,14.106869762088683,False,False,500–1000
b1c30,1,6C(50%)-3.6C,709.0,ElasticNet / discharge,CV OOF,2.0,763.4273676078583,54.42736760785829,7.676638590671127,False,False,500–1000
b1c31,1,6C(50%)-3.6C,876.0,ElasticNet / discharge,CV OOF,2.0,850.6715553694614,-25.32844463053857,2.8913749578240378,False,False,500–1000
b1c42,1,8C(25%)-3.6C,702.0,ElasticNet / discharge,CV OOF,2.0,725.3089062250427,23.308906225042733,3.3203570121143495,False,False,500–1000
b1c43,1,8C(25%)-3.6C,651.0,ElasticNet / discharge,CV OOF,2.0,677.5348948605122,26.534894860512168,4.076020715900486,False,False,500–1000
b1c16,1,5.4C(60%)-3.6C,862.0,ElasticNet / discharge,CV OOF,3.0,982.3336272069074,120.3336272069074,13.959817541404572,False,False,500–1000
b1c17,1,5.4C(60%)-3.6C,857.0,ElasticNet / discharge,CV OOF,3.0,837.2874566508301,-19.71254334916989,2.3001800874177234,False,False,500–1000
b1c24,1,6C(40%)-3C,1017.0,ElasticNet / discharge,CV OOF,3.0,833.2838635689967,-183.7161364310033,18.064516856539164,False,False,>1000
b1c25,1,6C(40%)-3C,854.0,ElasticNet / discharge,CV OOF,3.0,888.0185279757462,34.018527975746224,3.98343418919745,False,False,500–1000
b1c36,1,7C(40%)-3C,704.0,ElasticNet / discharge,CV OOF,3.0,715.2340729139006,11.234072913900604,1.5957489934517903,False,False,500–1000
b1c37,1,7C(40%)-3C,648.0,ElasticNet / discharge,CV OOF,3.0,693.2837029224131,45.28370292241311,6.9882257596316535,False,False,500–1000
b1c11,1,5.4C(50%)-3C,788.0,ElasticNet / discharge,CV OOF,4.0,848.32477965763,60.32477965762996,7.6554288905621775,False,False,500–1000
b1c26,1,6C(40%)-3.6C,870.0,ElasticNet / discharge,CV OOF,4.0,824.8563009702493,-45.14369902975068,5.188930922959848,False,False,500–1000
b1c27,1,6C(40%)-3.6C,842.0,ElasticNet / discharge,CV OOF,4.0,810.7161544640372,-31.28384553596277,3.715421085031207,False,False,500–1000
b1c34,1,7C(30%)-3.6C,742.0,ElasticNet / discharge,CV OOF,4.0,803.1325033251678,61.13250332516782,8.238881849753076,False,False,500–1000
b1c35,1,7C(30%)-3.6C,703.0,ElasticNet / discharge,CV OOF,4.0,737.604978646688,34.60497864668798,4.922472069230154,False,False,500–1000
b1c9,1,5.4C(40%)-3.6C,1054.0,ElasticNet / discharge,CV OOF,5.0,949.6610802787396,-104.33891972126035,9.899328246798897,False,True,>1000
b1c20,1,5.4C(80%)-5.4C,534.0,ElasticNet / discharge,CV OOF,5.0,664.1556362186075,130.15563621860747,24.3737146476793,False,True,500–1000
b1c21,1,5.4C(80%)-5.4C,559.0,ElasticNet / discharge,CV OOF,5.0,633.2646500179729,74.26465001797294,13.285268339530043,False,True,500–1000
b1c32,1,6C(60%)-3C,731.0,ElasticNet / discharge,CV OOF,5.0,697.0782616110226,-33.92173838897736,4.640456687958599,False,False,500–1000
b1c33,1,6C(60%)-3C,757.0,ElasticNet / discharge,CV OOF,5.0,814.2037702807519,57.20377028075188,7.556640724009497,False,False,500–1000
b1c5,1,4.4C(80%)-4.4C,1074.0,ElasticNet / discharge,Hold-out,,983.415708630752,-90.58429136924816,8.434291561382508,False,True,>1000
b1c6,1,4.8C(80%)-4.8C,636.0,ElasticNet / discharge,Hold-out,,746.2178232406659,110.2178232406659,17.329846421488348,False,False,500–1000
b1c7,1,4.8C(80%)-4.8C,870.0,ElasticNet / discharge,Hold-out,,864.6326605200123,-5.367339479987663,0.6169355724123751,False,False,500–1000
b1c23,1,6C(30%)-3.6C,1014.0,ElasticNet / discharge,Hold-out,,917.1351624619095,-96.86483753809034,9.552745319338298,False,False,>1000
b1c38,1,7C(40%)-3.6C,617.0,ElasticNet / discharge,Hold-out,,592.1129839361658,-24.887016063834153,4.033552036277821,False,False,500–1000
b1c39,1,7C(40%)-3.6C,625.0,ElasticNet / discharge,Hold-out,,653.1205067036117,28.12050670361168,4.499281072577869,False,False,500–1000
b1c40,1,8C(15%)-3.6C,966.0,ElasticNet / discharge,Hold-out,,947.7719856478134,-18.22801435218662,1.886958007472735,False,False,500–1000
b1c41,1,8C(15%)-3.6C,1051.0,ElasticNet / discharge,Hold-out,,932.222002210146,-118.777997789854,11.301427001889058,False,False,>1000
b2c0,2,5.2C(58%)-4C,477.0,ElasticNet / discharge,Batch 2,,743.3410233647376,266.34102336473757,55.836692529295085,False,True,<500
b2c1,2,5.6C(26%)-4.5C,491.0,ElasticNet / discharge,Batch 2,,682.3225990997987,191.3225990997987,38.965906130305235,False,True,<500
b2c2,2,5.2C(50%)-4.25C,424.0,ElasticNet / discharge,Batch 2,,612.6950390714683,188.69503907146827,44.50354695081799,False,True,<500
b2c3,2,4.65C(44%)-5C,499.0,ElasticNet / discharge,Batch 2,,691.1181130696784,192.11811306967843,38.50062386165901,False,True,<500
b2c4,2,4.65C(69%)-6C,444.0,ElasticNet / discharge,Batch 2,,577.4126843556935,133.4126843556935,30.04790188191295,False,True,<500
b2c5,2,3.6C(30%)-6C,416.0,ElasticNet / discharge,Batch 2,,560.0482271159635,144.04822711596353,34.62697767210662,False,True,<500
b2c6,2,3.6C(9%)-5C,393.0,ElasticNet / discharge,Batch 2,,688.4931166467537,295.4931166467537,75.18908820528085,False,True,<500
b2c7,2,4.8C(80%)-4.8C-newstructure,777.0,ElasticNet / discharge,Batch 2,,1115.3421189903356,338.3421189903356,43.544674258730446,False,False,500–1000
b2c8,2,5.2C(58%)-4C-newstructure,904.0,ElasticNet / discharge,Batch 2,,1022.3027827456848,118.30278274568468,13.086591011690782,False,False,500–1000
b2c9,2,5.6C(26%)-4.5C-newstructure,791.0,ElasticNet / discharge,Batch 2,,1236.827370884072,445.827370884072,56.36249947965512,False,False,500–1000
b2c10,2,4.8C(80%)-4.8C,492.0,ElasticNet / discharge,Batch 2,,773.1695998971982,281.16959989719817,57.14829266203215,False,True,<500
b2c11,2,5.2C(50%)-4.25C,449.0,ElasticNet / discharge,Batch 2,,705.2897887921298,256.2897887921298,57.08013113410463,False,True,<500
b2c12,2,4.65C(44%)-5C,466.0,ElasticNet / discharge,Batch 2,,598.0703497900291,132.07034979002913,28.341276778976205,False,True,<500
b2c13,2,4.65C(69%)-6C,460.0,ElasticNet / discharge,Batch 2,,657.0911474382707,197.0911474382707,42.84590161701537,False,True,<500
b2c14,2,3.6C(30%)-6C,426.0,ElasticNet / discharge,Batch 2,,519.4359072724554,93.43590727245544,21.933311566304095,False,True,<500
b2c15,2,3.6C(9%)-5C,396.0,ElasticNet / discharge,Batch 2,,614.0575851926769,218.05758519267692,55.0650467658275,False,True,<500
b2c16,2,4.8C(80%)-4.8C,472.0,ElasticNet / discharge,Batch 2,,716.0416268872362,244.04162688723625,51.70373451000768,False,True,<500
b2c17,2,5.6C(26%)-4.5C,471.0,ElasticNet / discharge,Batch 2,,696.2800250581348,225.2800250581348,47.83015394015601,False,True,<500
b2c18,2,5.2C(50%)-4.25C,449.0,ElasticNet / discharge,Batch 2,,719.8152863922234,270.81528639222336,60.315208550606535,False,True,<500
b2c19,2,6C(60%)-3C,392.0,ElasticNet / discharge,Batch 2,,610.4375631449113,218.43756314491137,55.72386814921207,True,True,<500
b2c20,2,5.2C(58%)-4C,489.0,ElasticNet / discharge,Batch 2,,679.6106759614647,190.61067596146472,38.97968833567786,False,True,<500
b2c21,2,6C(60%)-3C,408.0,ElasticNet / discharge,Batch 2,,659.1947220444226,251.19472204442263,61.56733383441731,True,True,<500
b2c24,2,4.8C(80%)-4.8C,514.0,ElasticNet / discharge,Batch 2,,778.0256090485517,264.0256090485517,51.366850009445855,False,True,500–1000
b2c25,2,5.2C(58%)-4C,493.0,ElasticNet / discharge,Batch 2,,750.6306344976712,257.63063449767117,52.25773519222539,False,True,<500
b2c26,2,5.6C(26%)-4.5C,450.0,ElasticNet / discharge,Batch 2,,635.8703708155139,185.8703708155139,41.30452684789197,False,True,<500
b2c27,2,5.2C(50%)-4.25C,474.0,ElasticNet / discharge,Batch 2,,691.981752540932,217.981752540932,45.987711506525734,False,True,<500
b2c28,2,4.8C(80%)-4.8C,437.0,ElasticNet / discharge,Batch 2,,664.7846007994423,227.78460079944227,52.124622608568025,False,True,<500
b2c29,2,5.2C(58%)-4C,452.0,ElasticNet / discharge,Batch 2,,763.1534985023939,311.15349850239386,68.83926958017562,False,True,<500
b2c30,2,5.6C(26%)-4.5C,412.0,ElasticNet / discharge,Batch 2,,583.4957314376395,171.4957314376395,41.62517753340765,False,True,<500
b2c31,2,5.6C(26%)-4.5C,425.0,ElasticNet / discharge,Batch 2,,664.109410623874,239.10941062387408,56.26103779385272,False,True,<500
b2c32,2,4.8C(80%)-4.8C-newstructure,809.0,ElasticNet / discharge,Batch 2,,1039.086659511656,230.08665951165585,28.440872621959933,False,False,500–1000
b2c33,2,5.2C(58%)-4C-newstructure,1140.0,ElasticNet / discharge,Batch 2,,1006.4445020351692,-133.55549796483092,11.715394558318502,False,True,>1000
b2c34,2,5.6C(26%)-4.5C-newstructure,1186.0,ElasticNet / discharge,Batch 2,,1099.7404664475823,-86.25953355241768,7.273147854335385,False,True,>1000
b2c41,2,5.6C(26%)-4.5C,442.0,ElasticNet / discharge,Batch 2,,600.4291356184294,158.42913561842943,35.84369584127363,False,True,<500
b2c42,2,5.2C(50%)-4.25C,474.0,ElasticNet / discharge,Batch 2,,757.6782255554527,283.67822555545274,59.84772691043307,False,True,<500
b2c43,2,4.8C(80%)-4.8C-newstructure,1029.0,ElasticNet / discharge,Batch 2,,1213.3750514863814,184.37505148638135,17.917886441825207,False,False,>1000
b2c44,2,5.2C(58%)-4C-newstructure,841.0,ElasticNet / discharge,Batch 2,,1264.6947813750296,423.6947813750296,50.37987887931387,False,False,500–1000
b2c45,2,5.6C(26%)-4.5C-newstructure,997.0,ElasticNet / discharge,Batch 2,,1162.9028480179102,165.90284801791017,16.640205418045152,False,False,500–1000
b2c46,2,4.8C(80%)-4.8C,503.0,ElasticNet / discharge,Batch 2,,742.9344072650844,239.93440726508436,47.70067738868477,False,True,500–1000
b3c0,3,5C(67%)-4C-newstructure,1009.0,ElasticNet / discharge,Batch 3,,969.5450194935324,-39.45498050646757,3.910305302920472,False,False,>1000
b3c1,3,5.3C(54%)-4C-newstructure,1063.0,ElasticNet / discharge,Batch 3,,977.811641206846,-85.18835879315407,8.0139566127144,False,True,>1000
b3c3,3,5.6C(36%)-4.3C-newstructure,1115.0,ElasticNet / discharge,Batch 3,,860.5008884677646,-254.49911153223536,22.825032424415728,False,True,>1000
b3c4,3,5.6C(19%)-4.6C-newstructure,1048.0,ElasticNet / discharge,Batch 3,,955.0874796607076,-92.91252033929244,8.865698505657674,False,False,>1000
b3c5,3,5.6C(36%)-4.3C-newstructure,828.0,ElasticNet / discharge,Batch 3,,806.5568253635432,-21.443174636456774,2.589755390876422,False,False,500–1000
b3c6,3,3.7C(31%)-5.9C-newstructure,667.0,ElasticNet / discharge,Batch 3,,598.4552823867308,-68.5447176132692,10.276569357311724,False,False,500–1000
b3c7,3,4.8C(80%)-4.8C-newstructure,1836.0,ElasticNet / discharge,Batch 3,,1129.505383300012,-706.494616699988,38.480098948801086,False,True,>1000
b3c8,3,5C(67%)-4C-newstructure,828.0,ElasticNet / discharge,Batch 3,,864.0642785280619,36.06427852806189,4.355589194210373,False,False,500–1000
b3c9,3,5.3C(54%)-4C-newstructure,1039.0,ElasticNet / discharge,Batch 3,,835.8043341087234,-203.19566589127655,19.556849460180615,False,False,>1000
b3c10,3,4.8C(80%)-4.8C-newstructure,1078.0,ElasticNet / discharge,Batch 3,,1037.771092878615,-40.22890712138496,3.731809565991184,False,True,>1000
b3c11,3,5.6C(19%)-4.6C-newstructure,817.0,ElasticNet / discharge,Batch 3,,772.5265767350038,-44.4734232649962,5.443503459607858,False,False,500–1000
b3c12,3,5.6C(36%)-4.3C-newstructure,932.0,ElasticNet / discharge,Batch 3,,842.8224066676646,-89.17759333233539,9.568411301752723,False,False,500–1000
b3c13,3,5.6C(19%)-4.6C-newstructure,816.0,ElasticNet / discharge,Batch 3,,868.2879611349143,52.287961134914326,6.407838374376756,False,False,500–1000
b3c14,3,5.6C(36%)-4.3C-newstructure,858.0,ElasticNet / discharge,Batch 3,,858.5741324579735,0.5741324579735192,0.0669152048920185,False,False,500–1000
b3c15,3,5.9C(15%)-4.6C-newstructure,876.0,ElasticNet / discharge,Batch 3,,836.2783525997529,-39.72164740024709,4.5344346347314035,False,False,500–1000
b3c16,3,4.8C(80%)-4.8C-newstructure,1638.0,ElasticNet / discharge,Batch 3,,1233.296775322489,-404.7032246775109,24.707156573718613,False,True,>1000
b3c17,3,5.3C(54%)-4C-newstructure,1315.0,ElasticNet / discharge,Batch 3,,1091.218654456582,-223.78134554341796,17.017592816989957,False,True,>1000
b3c18,3,5.6C(19%)-4.6C-newstructure,1146.0,ElasticNet / discharge,Batch 3,,977.589143356528,-168.41085664347202,14.69553722892426,False,True,>1000
b3c19,3,5.6C(36%)-4.3C-newstructure,1155.0,ElasticNet / discharge,Batch 3,,954.4404388467564,-200.55956115324364,17.364464169112004,False,True,>1000
b3c20,3,5C(67%)-4C-newstructure,813.0,ElasticNet / discharge,Batch 3,,848.07169798155,35.07169798154996,4.313861990350548,False,False,500–1000
b3c21,3,3.7C(31%)-5.9C-newstructure,772.0,ElasticNet / discharge,Batch 3,,697.1778737736815,-74.82212622631846,9.691985262476484,False,False,500–1000
b3c22,3,5.9C(60%)-3.1C-newstructure,1002.0,ElasticNet / discharge,Batch 3,,800.5458817304698,-201.45411826953023,20.105201424104813,False,False,>1000
b3c24,3,5C(67%)-4C-newstructure,825.0,ElasticNet / discharge,Batch 3,,795.7554687067137,-29.24453129328629,3.5447916719134893,False,False,500–1000
b3c25,3,5.3C(54%)-4C-newstructure,989.0,ElasticNet / discharge,Batch 3,,869.1647273396409,-119.83527266035912,12.116812200238536,False,False,500–1000
b3c26,3,5.6C(19%)-4.6C-newstructure,1028.0,ElasticNet / discharge,Batch 3,,979.202601037428,-48.79739896257206,4.746828692857204,False,False,>1000
b3c27,3,5.6C(36%)-4.3C-newstructure,850.0,ElasticNet / discharge,Batch 3,,856.3362007985213,6.336200798521304,0.7454353880613299,False,False,500–1000
b3c28,3,3.7C(31%)-5.9C-newstructure,541.0,ElasticNet / discharge,Batch 3,,526.8901426627926,-14.10985733720736,2.6081067166741883,False,False,500–1000
b3c29,3,5.9C(15%)-4.6C-newstructure,858.0,ElasticNet / discharge,Batch 3,,851.0168290541055,-6.9831709458944715,0.8138893876333883,False,False,500–1000
b3c30,3,5.3C(54%)-4C-newstructure,935.0,ElasticNet / discharge,Batch 3,,887.39279224997,-47.60720775003006,5.091679973265247,False,False,500–1000
b3c31,3,5.9C(60%)-3.1C-newstructure,731.0,ElasticNet / discharge,Batch 3,,752.3893466463301,21.38934664633007,2.92603921290425,False,False,500–1000
b3c33,3,5C(67%)-4C-newstructure,1284.0,ElasticNet / discharge,Batch 3,,1013.2151114034352,-270.78488859656477,21.089165778548654,False,True,>1000
b3c34,3,5.3C(54%)-4C-newstructure,1158.0,ElasticNet / discharge,Batch 3,,970.210277380808,-187.7897226191919,16.216729069014846,False,True,>1000
b3c35,3,5.6C(19%)-4.6C-newstructure,1093.0,ElasticNet / discharge,Batch 3,,936.8495703627794,-156.15042963722055,14.286407103130882,False,True,>1000
b3c36,3,5.6C(36%)-4.3C-newstructure,923.0,ElasticNet / discharge,Batch 3,,912.6186299357312,-10.381370064268822,1.1247421521418008,False,False,500–1000
b3c38,3,5C(67%)-4C-newstructure,1935.0,ElasticNet / discharge,Batch 3,,1052.5045051427096,-882.4954948572904,45.60700231820623,False,True,>1000
b3c39,3,5.3C(54%)-4C-newstructure,1156.0,ElasticNet / discharge,Batch 3,,968.9634797548885,-187.0365202451117,16.1796297789889,False,True,>1000
b3c40,3,5.6C(19%)-4.6C-newstructure,796.0,ElasticNet / discharge,Batch 3,,946.501636662782,150.50163666278195,18.907240786781653,False,False,500–1000
b3c41,3,5.6C(36%)-4.3C-newstructure,786.0,ElasticNet / discharge,Batch 3,,850.257264918682,64.25726491868204,8.175224544361583,False,False,500–1000
b3c44,3,5.3C(54%)-4C-newstructure,940.0,ElasticNet / discharge,Batch 3,,914.7937783583052,-25.206221641694697,2.6815129406058187,False,False,500–1000
b3c45,3,4.8C(80%)-4.8C-newstructure,1801.0,ElasticNet / discharge,Batch 3,,1169.172002955194,-631.8279970448061,35.082065355069744,False,True,>1000
